T,P [kPa],,,,,,,,,,,,,,,,,,,,,,,,,,,,,,,
[oC],0.617,1,2,3,5,6,8,12,18,25,35,50,70,100,150,200,300,500,700,1000,1500,2000,3500,5000,8000,10000,1600,20000,26000,40000,60000,100000
1,204.953,,,,,,,,,,,,,,,,,,,,,,,,,,,,,,,
2,205.704,,,,,,,,,,,,,,,,,,,,,,,,,,,,,,,
3,206.455,,,,,,,,,,,,,,,,,,,,,,,,,,,,,,,
4,207.206,,,,,,,,,,,,,,,,,,,,,,,,,,,,,,,
5,207.957,,,,,,,,,,,,,,,,,,,,,,,,,,,,,,,
6,208.707,,,,,,,,,,,,,,,,,,,,,,,,,,,,,,,
7,209.457,,,,,,,,,,,,,,,,,,,,,,,,,,,,,,,
8,210.208,129.662,,,,,,,,,,,,,,,,,,,,,,,,,,,,,,
9,210.958,130.126,,,,,,,,,,,,,,,,,,,,,,,,,,,,,,
10,211.708,130.59,,,,,,,,,,,,,,,,,,,,,,,,,,,,,,
11,212.457,131.053,,,,,,,,,,,,,,,,,,,,,,,,,,,,,,
12,213.207,131.517,,,,,,,,,,,,,,,,,,,,,,,,,,,,,,
13,213.957,131.98,,,,,,,,,,,,,,,,,,,,,,,,,,,,,,
14,214.707,132.444,,,,,,,,,,,,,,,,,,,,,,,,,,,,,,
15,215.456,132.907,,,,,,,,,,,,,,,,,,,,,,,,,,,,,,
16,216.206,133.37,,,,,,,,,,,,,,,,,,,,,,,,,,,,,,
17,216.955,133.833,,,,,,,,,,,,,,,,,,,,,,,,,,,,,,
18,217.705,134.296,,,,,,,,,,,,,,,,,,,,,,,,,,,,,,
19,218.454,134.759,,,,,,,,,,,,,,,,,,,,,,,,,,,,,,
20,219.203,135.222,,,,,,,,,,,,,,,,,,,,,,,,,,,,,,
21,219.953,135.685,,,,,,,,,,,,,,,,,,,,,,,,,,,,,,
22,220.702,136.148,,,,,,,,,,,,,,,,,,,,,,,,,,,,,,
23,221.451,136.611,,,,,,,,,,,,,,,,,,,,,,,,,,,,,,
24,222.2,137.073,,,,,,,,,,,,,,,,,,,,,,,,,,,,,,
25,222.949,137.536,,45.798,,,,,,,,,,,,,,,,,,,,,,,,,,,,
26,223.698,137.999,,45.953,,,,,,,,,,,,,,,,,,,,,,,,,,,,
27,224.448,138.461,,46.109,,,,,,,,,,,,,,,,,,,,,,,,,,,,
28,225.197,138.924,,46.264,,,,,,,,,,,,,,,,,,,,,,,,,,,,
29,225.946,139.387,,46.419,,,,,,,,,,,,,,,,,,,,,,,,,,,,
30,226.695,139.849,,46.574,,,,,,,,,,,,,,,,,,,,,,,,,,,,
31,227.444,140.312,,46.729,,,,,,,,,,,,,,,,,,,,,,,,,,,,
32,228.193,140.774,,46.884,,,,,,,,,,,,,,,,,,,,,,,,,,,,
33,228.942,141.237,,47.039,,,,,,,,,,,,,,,,,,,,,,,,,,,,
34,229.691,141.699,,47.194,,,,,,,,,,,,,,,,,,,,,,,,,,,,
35,230.44,142.162,,47.348,,,,,,,,,,,,,,,,,,,,,,,,,,,,
36,231.188,142.624,,47.503,,,,,,,,,,,,,,,,,,,,,,,,,,,,
37,231.937,143.087,,47.658,,23.8,,,,,,,,,,,,,,,,,,,,,,,,,,
38,232.686,143.549,,47.813,,23.878,,,,,,,,,,,,,,,,,,,,,,,,,,
39,233.435,144.011,,47.967,,23.956,,,,,,,,,,,,,,,,,,,,,,,,,,
40,234.184,144.474,,48.122,,24.033,,,,,,,,,,,,,,,,,,,,,,,,,,
41,234.933,144.936,,48.277,,24.111,,,,,,,,,,,,,,,,,,,,,,,,,,
42,235.681,145.398,,48.431,,24.189,,,,,,,,,,,,,,,,,,,,,,,,,,
43,236.43,145.861,,48.586,,24.267,,,,,,,,,,,,,,,,,,,,,,,,,,
44,237.179,146.323,,48.741,,24.345,,,,,,,,,,,,,,,,,,,,,,,,,,
45,237.928,146.785,,48.895,,24.422,,,,,,,,,,,,,,,,,,,,,,,,,,
46,238.676,147.247,,49.05,,24.5,,,,,,,,,,,,,,,,,,,,,,,,,,
47,239.425,147.71,,49.204,,24.578,,,,,,,,,,,,,,,,,,,,,,,,,,
48,240.174,148.172,,49.359,,24.655,,,,,,,,,,,,,,,,,,,,,,,,,,
49,240.922,148.634,,49.513,,24.733,,,,,,,,,,,,,,,,,,,,,,,,,,
50,241.671,149.096,,49.668,,24.811,,12.381,,,,,,,,,,,,,,,,,,,,,,,,
51,242.42,149.558,,49.822,,24.888,,12.421,,,,,,,,,,,,,,,,,,,,,,,,
52,243.168,150.02,,49.977,,24.966,,12.46,,,,,,,,,,,,,,,,,,,,,,,,
53,243.917,150.483,,50.131,,25.043,,12.499,,,,,,,,,,,,,,,,,,,,,,,,
54,244.666,150.945,,50.286,,25.121,,12.538,,,,,,,,,,,,,,,,,,,,,,,,
55,245.414,151.407,,50.44,,25.198,,12.577,,,,,,,,,,,,,,,,,,,,,,,,
56,246.163,151.869,,50.595,,25.276,,12.616,,,,,,,,,,,,,,,,,,,,,,,,
57,246.911,152.331,,50.749,,25.354,,12.655,,,,,,,,,,,,,,,,,,,,,,,,
58,247.66,152.793,,50.904,,25.431,,12.694,,,,,,,,,,,,,,,,,,,,,,,,
59,248.408,153.255,,51.058,,25.508,,12.733,,,,,,,,,,,,,,,,,,,,,,,,
60,249.157,153.717,,51.212,,25.586,,12.773,,,,,,,,,,,,,,,,,,,,,,,,
61,249.906,154.179,,51.367,,25.663,,12.812,,,,,,,,,,,,,,,,,,,,,,,,
62,250.654,154.641,,51.521,,25.741,,12.851,,,,,,,,,,,,,,,,,,,,,,,,
63,251.403,155.103,,51.675,,25.818,,12.89,,,,,,,,,,,,,,,,,,,,,,,,
64,252.151,155.565,,51.83,,25.896,,12.929,,,,,,,,,,,,,,,,,,,,,,,,
65,252.9,156.027,,51.984,,25.973,,12.967,,6.204,,,,,,,,,,,,,,,,,,,,,,
66,253.648,156.489,,52.138,,26.051,,13.006,,6.223,,,,,,,,,,,,,,,,,,,,,,
67,254.396,156.951,,52.293,,26.128,,13.045,,6.242,,,,,,,,,,,,,,,,,,,,,,
68,255.145,157.413,,52.447,,26.205,,13.084,,6.261,,,,,,,,,,,,,,,,,,,,,,
69,255.893,157.875,,52.601,,26.283,,13.123,,6.28,,,,,,,,,,,,,,,,,,,,,,
70,256.642,158.337,,52.756,,26.36,,13.162,,6.299,,,,,,,,,,,,,,,,,,,,,,
71,257.39,158.799,,52.91,,26.437,,13.201,,6.318,,,,,,,,,,,,,,,,,,,,,,
72,258.139,159.261,,53.064,,26.515,,13.24,,6.337,,,,,,,,,,,,,,,,,,,,,,
73,258.887,159.723,,53.218,,26.592,,13.279,,6.356,,,,,,,,,,,,,,,,,,,,,,
74,259.636,160.185,,53.373,,26.669,,13.318,,6.375,,,,,,,,,,,,,,,,,,,,,,
75,260.384,160.647,,53.527,,26.747,,13.357,,6.393,,,,,,,,,,,,,,,,,,,,,,
76,261.132,161.109,,53.681,,26.824,,13.396,,6.412,,,,,,,,,,,,,,,,,,,,,,
77,261.881,161.571,,53.835,,26.901,,13.434,,6.431,,,,,,,,,,,,,,,,,,,,,,
78,262.629,162.033,,53.99,,26.979,,13.473,,6.45,,,,,,,,,,,,,,,,,,,,,,
79,263.378,162.495,,54.144,,27.056,,13.512,,6.469,,,,,,,,,,,,,,,,,,,,,,
80,264.126,162.957,,54.298,,27.133,,13.551,,6.488,,,,,,,,,,,,,,,,,,,,,,
81,264.874,163.419,,54.452,,27.211,,13.59,,6.507,,,,,,,,,,,,,,,,,,,,,,
82,265.623,163.88,,54.606,,27.288,,13.629,,6.525,,3.247,,,,,,,,,,,,,,,,,,,,
83,266.371,164.342,,54.761,,27.365,,13.667,,6.544,,3.256,,,,,,,,,,,,,,,,,,,,
84,267.119,164.804,,54.915,,27.442,,13.706,,6.563,,3.266,,,,,,,,,,,,,,,,,,,,
85,267.868,165.266,,55.069,,27.52,,13.745,,6.582,,3.276,,,,,,,,,,,,,,,,,,,,
86,268.616,165.728,,55.223,,27.597,,13.784,,6.601,,3.285,,,,,,,,,,,,,,,,,,,,
87,269.364,166.19,,55.377,,27.674,,13.823,,6.62,,3.295,,,,,,,,,,,,,,,,,,,,
88,270.113,166.652,,55.532,,27.751,,13.861,,6.638,,3.304,,,,,,,,,,,,,,,,,,,,
89,270.861,167.113,,55.686,,27.829,,13.9,,6.657,,3.314,,,,,,,,,,,,,,,,,,,,
90,271.609,167.575,,55.84,,27.906,,13.939,,6.676,,3.323,,,,,,,,,,,,,,,,,,,,
91,272.358,168.037,,55.994,,27.983,,13.978,,6.695,,3.333,,,,,,,,,,,,,,,,,,,,
92,273.106,168.499,,56.148,,28.06,,14.016,,6.713,,3.343,,,,,,,,,,,,,,,,,,,,
93,273.854,168.961,,56.302,,28.138,,14.055,,6.732,,3.352,,,,,,,,,,,,,,,,,,,,
94,274.602,169.423,,56.456,,28.215,,14.094,,6.751,,3.362,,,,,,,,,,,,,,,,,,,,
95,275.351,169.884,,56.611,,28.292,,14.133,,6.77,,3.371,,,,,,,,,,,,,,,,,,,,
96,276.099,170.346,,56.765,,28.369,,14.171,,6.788,,3.381,,,,,,,,,,,,,,,,,,,,
97,276.847,170.808,,56.919,,28.446,,14.21,,6.807,,3.39,,,,,,,,,,,,,,,,,,,,
98,277.596,171.27,,57.073,,28.524,,14.249,,6.826,,3.4,,,,,,,,,,,,,,,,,,,,
99,278.344,171.732,,57.227,,28.601,,14.288,,6.845,,3.409,,,,,,,,,,,,,,,,,,,,
100,279.092,172.193,,57.381,,28.678,,14.326,,6.863,,3.419,,1.696,,,,,,,,,,,,,,,,,,
101,279.84,172.655,,57.535,,28.755,,14.365,,6.882,,3.428,,1.701,,,,,,,,,,,,,,,,,,
102,280.589,173.117,,57.689,,28.832,,14.404,,6.901,,3.438,,1.706,,,,,,,,,,,,,,,,,,
103,281.337,173.579,,57.843,,28.91,,14.443,,6.92,,3.447,,1.711,,,,,,,,,,,,,,,,,,
104,282.085,174.041,,57.997,,28.987,,14.481,,6.938,,3.457,,1.716,,,,,,,,,,,,,,,,,,
105,282.833,174.502,,58.152,,29.064,,14.52,,6.957,,3.466,,1.72,,,,,,,,,,,,,,,,,,
106,283.582,174.964,,58.306,,29.141,,14.559,,6.976,,3.476,,1.725,,,,,,,,,,,,,,,,,,
107,284.33,175.426,,58.46,,29.218,,14.597,,6.994,,3.485,,1.73,,,,,,,,,,,,,,,,,,
108,285.078,175.888,,58.614,,29.295,,14.636,,7.013,,3.495,,1.735,,,,,,,,,,,,,,,,,,
109,285.826,176.349,,58.768,,29.372,,14.675,,7.032,,3.504,,1.74,,,,,,,,,,,,,,,,,,
110,286.575,176.811,,58.922,,29.45,,14.713,,7.051,,3.514,,1.745,,,,,,,,,,,,,,,,,,
111,287.323,177.273,,59.076,,29.527,,14.752,,7.069,,3.523,,1.75,,,,,,,,,,,,,,,,,,
112,288.071,177.735,,59.23,,29.604,,14.791,,7.088,,3.533,,1.755,,,,,,,,,,,,,,,,,,
113,288.819,178.196,,59.384,,29.681,,14.829,,7.107,,3.542,,1.759,,,,,,,,,,,,,,,,,,
114,289.567,178.658,,59.538,,29.758,,14.868,,7.125,,3.551,,1.764,,,,,,,,,,,,,,,,,,
115,290.316,179.12,,59.692,,29.835,,14.907,,7.144,,3.561,,1.769,,,,,,,,,,,,,,,,,,
116,291.064,179.582,,59.846,,29.912,,14.945,,7.163,,3.57,,1.774,,,,,,,,,,,,,,,,,,
117,291.812,180.043,,60,,29.99,,14.984,,7.181,,3.58,,1.779,,,,,,,,,,,,,,,,,,
118,292.56,180.505,,60.154,,30.067,,15.023,,7.2,,3.589,,1.784,,,,,,,,,,,,,,,,,,
119,293.308,180.967,,60.308,,30.144,,15.061,,7.219,,3.599,,1.788,,,,,,,,,,,,,,,,,,
120,294.057,181.428,,60.462,,30.221,,15.1,,7.237,,3.608,,1.793,,0.001,,,,,,,,,,,,,,,,
121,294.805,181.89,,60.616,,30.298,,15.139,,7.256,,3.618,,1.798,,0.888,,,,,,,,,,,,,,,,
122,295.553,182.352,,60.77,,30.375,,15.177,,7.275,,3.627,,1.803,,0.89,,,,,,,,,,,,,,,,
123,296.301,182.814,,60.925,,30.452,,15.216,,7.293,,3.636,,1.808,,0.893,,,,,,,,,,,,,,,,
124,297.049,183.275,,61.079,,30.529,,15.255,,7.312,,3.646,,1.813,,0.895,,,,,,,,,,,,,,,,
125,297.798,183.737,,61.233,,30.606,,15.293,,7.33,,3.655,,1.817,,0.898,,,,,,,,,,,,,,,,
126,298.546,184.199,,61.387,,30.684,,15.332,,7.349,,3.665,,1.822,,0.9,,,,,,,,,,,,,,,,
127,299.294,184.66,,61.541,,30.761,,15.371,,7.368,,3.674,,1.827,,0.903,,,,,,,,,,,,,,,,
128,300.042,185.122,,61.695,,30.838,,15.409,,7.386,,3.683,,1.832,,0.905,,,,,,,,,,,,,,,,
129,300.79,185.584,,61.849,,30.915,,15.448,,7.405,,3.693,,1.837,,0.908,,,,,,,,,,,,,,,,
130,301.538,186.045,,62.003,,30.992,,15.487,,7.424,,3.702,,1.841,,0.91,,,,,,,,,,,,,,,,
131,302.287,186.507,,62.157,,31.069,,15.525,,7.442,,3.712,,1.846,,0.913,,,,,,,,,,,,,,,,
132,303.035,186.969,,62.311,,31.146,,15.564,,7.461,,3.721,,1.851,,0.915,,,,,,,,,,,,,,,,
133,303.783,187.431,,62.465,,31.223,,15.602,,7.48,,3.73,,1.856,,0.918,,,,,,,,,,,,,,,,
134,304.531,187.892,,62.619,,31.3,,15.641,,7.498,,3.74,,1.86,,0.92,,,,,,,,,,,,,,,,
135,305.279,188.354,,62.773,,31.377,,15.68,,7.517,,3.749,,1.865,,0.923,,,,,,,,,,,,,,,,
136,306.027,188.816,,62.927,,31.454,,15.718,,7.535,,3.759,,1.87,,0.925,,,,,,,,,,,,,,,,
137,306.776,189.277,,63.081,,31.531,,15.757,,7.554,,3.768,,1.875,,0.928,,,,,,,,,,,,,,,,
138,307.524,189.739,,63.235,,31.609,,15.795,,7.573,,3.777,,1.88,,0.93,,,,,,,,,,,,,,,,
139,308.272,190.201,,63.389,,31.686,,15.834,,7.591,,3.787,,1.884,,0.933,,,,,,,,,,,,,,,,
140,309.02,190.662,,63.543,,31.763,,15.873,,7.61,,3.796,,1.889,,0.935,,,,,,,,,,,,,,,,
141,309.768,191.124,,63.697,,31.84,,15.911,,7.628,,3.806,,1.894,,0.938,,,,,,,,,,,,,,,,
142,310.516,191.586,,63.851,,31.917,,15.95,,7.647,,3.815,,1.899,,0.94,,,,,,,,,,,,,,,,
143,311.264,192.047,,64.005,,31.994,,15.988,,7.666,,3.824,,1.903,,0.943,,,,,,,,,,,,,,,,
144,312.013,192.509,,64.159,,32.071,,16.027,,7.684,,3.834,,1.908,,0.945,,,,,,,,,,,,,,,,
145,312.761,192.971,,64.313,,32.148,,16.066,,7.703,,3.843,,1.913,,0.948,,,,,,,,,,,,,,,,
146,313.509,193.432,,64.466,,32.225,,16.104,,7.721,,3.852,,1.918,,0.95,,,,,,,,,,,,,,,,
147,314.257,193.894,,64.62,,32.302,,16.143,,7.74,,3.862,,1.922,,0.953,,,,,,,,,,,,,,,,
148,315.005,194.356,,64.774,,32.379,,16.181,,7.759,,3.871,,1.927,,0.955,,,,,,,,,,,,,,,,
149,315.753,194.817,,64.928,,32.456,,16.22,,7.777,,3.88,,1.932,,0.957,,,,,,,,,,,,,,,,
150,316.501,195.279,,65.082,,32.533,,16.259,,7.796,,3.89,,1.937,,0.96,,,,,,,,,,,,,,,,
151,317.25,195.741,,65.236,,32.61,,16.297,,7.814,,3.899,,1.941,,0.962,,,,,,,,,,,,,,,,
152,317.998,196.202,,65.39,,32.687,,16.336,,7.833,,3.909,,1.946,,0.965,,0.375,,,,,,,,,,,,,,
153,318.746,196.664,,65.544,,32.764,,16.374,,7.852,,3.918,,1.951,,0.967,,0.376,,,,,,,,,,,,,,
154,319.494,197.125,,65.698,,32.841,,16.413,,7.87,,3.927,,1.956,,0.97,,0.377,,,,,,,,,,,,,,
155,320.242,197.587,,65.852,,32.918,,16.452,,7.889,,3.937,,1.96,,0.972,,0.378,,,,,,,,,,,,,,
156,320.99,198.049,,66.006,,32.995,,16.49,,7.907,,3.946,,1.965,,0.975,,0.379,,,,,,,,,,,,,,
157,321.738,198.51,,66.16,,33.073,,16.529,,7.926,,3.955,,1.97,,0.977,,0.38,,,,,,,,,,,,,,
158,322.486,198.972,,66.314,,33.15,,16.567,,7.944,,3.965,,1.975,,0.979,,0.382,,,,,,,,,,,,,,
159,323.235,199.434,,66.468,,33.227,,16.606,,7.963,,3.974,,1.979,,0.982,,0.383,,,,,,,,,,,,,,
160,323.983,199.895,,66.622,,33.304,,16.644,,7.982,,3.983,,1.984,,0.984,,0.384,,,,,,,,,,,,,,
161,324.731,200.357,,66.776,,33.381,,16.683,,8,,3.993,,1.989,,0.987,,0.385,,,,,,,,,,,,,,
162,325.479,200.819,,66.93,,33.458,,16.722,,8.019,,4.002,,1.994,,0.989,,0.386,,,,,,,,,,,,,,
163,326.227,201.28,,67.084,,33.535,,16.76,,8.037,,4.011,,1.998,,0.992,,0.387,,,,,,,,,,,,,,
164,326.975,201.742,,67.238,,33.612,,16.799,,8.056,,4.021,,2.003,,0.994,,0.388,,,,,,,,,,,,,,
165,327.723,202.203,,67.392,,33.689,,16.837,,8.075,,4.03,,2.008,,0.996,,0.389,,,,,,,,,,,,,,
166,328.471,202.665,,67.546,,33.766,,16.876,,8.093,,4.039,,2.013,,0.999,,0.39,,,,,,,,,,,,,,
167,329.219,203.127,,67.7,,33.843,,16.914,,8.112,,4.049,,2.017,,1.001,,0.391,,,,,,,,,,,,,,
168,329.968,203.588,,67.854,,33.92,,16.953,,8.13,,4.058,,2.022,,1.004,,0.392,,,,,,,,,,,,,,
169,330.716,204.05,,68.008,,33.997,,16.992,,8.149,,4.067,,2.027,,1.006,,0.393,,,,,,,,,,,,,,
170,331.464,204.512,,68.161,,34.074,,17.03,,8.167,,4.077,,2.031,,1.009,,0.394,,,,,,,,,,,,,,
171,332.212,204.973,,68.315,,34.151,,17.069,,8.186,,4.086,,2.036,,1.011,,0.395,,,,,,,,,,,,,,
172,332.96,205.435,,68.469,,34.228,,17.107,,8.204,,4.095,,2.041,,1.013,,0.396,,,,,,,,,,,,,,
173,333.708,205.896,,68.623,,34.305,,17.146,,8.223,,4.105,,2.046,,1.016,,0.397,,,,,,,,,,,,,,
174,334.456,206.358,,68.777,,34.382,,17.184,,8.242,,4.114,,2.05,,1.018,,0.398,,,,,,,,,,,,,,
175,335.204,206.82,,68.931,,34.459,,17.223,,8.26,,4.123,,2.055,,1.021,,0.399,,,,,,,,,,,,,,
176,335.952,207.281,,69.085,,34.536,,17.261,,8.279,,4.133,,2.06,,1.023,,0.401,,,,,,,,,,,,,,
177,336.7,207.743,,69.239,,34.613,,17.3,,8.297,,4.142,,2.064,,1.025,,0.402,,,,,,,,,,,,,,
178,337.448,208.205,,69.393,,34.69,,17.339,,8.316,,4.151,,2.069,,1.028,,0.403,,,,,,,,,,,,,,
179,338.197,208.666,,69.547,,34.767,,17.377,,8.334,,4.161,,2.074,,1.03,,0.404,,,,,,,,,,,,,,
180,338.945,209.128,,69.701,,34.844,,17.416,,8.353,,4.17,,2.079,,1.033,,0.405,,0.194,,,,,,,,,,,,
181,339.693,209.589,,69.855,,34.921,,17.454,,8.371,,4.179,,2.083,,1.035,,0.406,,0.195,,,,,,,,,,,,
182,340.441,210.051,,70.009,,34.998,,17.493,,8.39,,4.189,,2.088,,1.037,,0.407,,0.196,,,,,,,,,,,,
183,341.189,210.513,,70.163,,35.075,,17.531,,8.409,,4.198,,2.093,,1.04,,0.408,,0.196,,,,,,,,,,,,
184,341.937,210.974,,70.317,,35.152,,17.57,,8.427,,4.207,,2.097,,1.042,,0.409,,0.197,,,,,,,,,,,,
185,342.685,211.436,,70.47,,35.229,,17.608,,8.446,,4.217,,2.102,,1.045,,0.41,,0.197,,,,,,,,,,,,
186,343.433,211.897,,70.624,,35.306,,17.647,,8.464,,4.226,,2.107,,1.047,,0.411,,0.198,,,,,,,,,,,,
187,344.181,212.359,,70.778,,35.383,,17.685,,8.483,,4.235,,2.111,,1.049,,0.412,,0.199,,,,,,,,,,,,
188,344.929,212.821,,70.932,,35.46,,17.724,,8.501,,4.245,,2.116,,1.052,,0.413,,0.199,,,,,,,,,,,,
189,345.677,213.282,,71.086,,35.537,,17.763,,8.52,,4.254,,2.121,,1.054,,0.414,,0.2,,,,,,,,,,,,
190,346.426,213.744,,71.24,,35.614,,17.801,,8.538,,4.263,,2.126,,1.057,,0.415,,0.2,,,,,,,,,,,,
191,347.174,214.206,,71.394,,35.691,,17.84,,8.557,,4.273,,2.13,,1.059,,0.416,,0.201,,,,,,,,,,,,
192,347.922,214.667,,71.548,,35.768,,17.878,,8.575,,4.282,,2.135,,1.061,,0.417,,0.201,,,,,,,,,,,,
193,348.67,215.129,,71.702,,35.845,,17.917,,8.594,,4.291,,2.14,,1.064,,0.418,,0.202,,,,,,,,,,,,
194,349.418,215.59,,71.856,,35.922,,17.955,,8.613,,4.3,,2.144,,1.066,,0.419,,0.203,,,,,,,,,,,,
195,350.166,216.052,,72.01,,35.999,,17.994,,8.631,,4.31,,2.149,,1.069,,0.42,,0.203,,,,,,,,,,,,
196,350.914,216.514,,72.164,,36.076,,18.032,,8.65,,4.319,,2.154,,1.071,,0.421,,0.204,,,,,,,,,,,,
197,351.662,216.975,,72.317,,36.153,,18.071,,8.668,,4.328,,2.158,,1.073,,0.422,,0.204,,,,,,,,,,,,
198,352.41,217.437,,72.471,,36.23,,18.109,,8.687,,4.338,,2.163,,1.076,,0.423,,0.205,,,,,,,,,,,,
199,353.158,217.898,,72.625,,36.307,,18.148,,8.705,,4.347,,2.168,,1.078,,0.424,,0.205,,,,,,,,,,,,
200,353.906,218.36,,72.779,,36.384,,18.186,,8.724,,4.356,,2.172,,1.081,,0.425,,0.206,,,,,,,,,,,,
201,354.654,218.822,,72.933,,36.461,,18.225,,8.742,,4.366,,2.177,,1.083,,0.426,,0.207,,,,,,,,,,,,
202,355.402,219.283,,73.087,,36.538,,18.264,,8.761,,4.375,,2.182,,1.085,,0.427,,0.207,,,,,,,,,,,,
203,356.151,219.745,,73.241,,36.615,,18.302,,8.779,,4.384,,2.187,,1.088,,0.428,,0.208,,,,,,,,,,,,
204,356.899,220.206,,73.395,,36.692,,18.341,,8.798,,4.393,,2.191,,1.09,,0.429,,0.208,,,,,,,,,,,,
205,357.647,220.668,,73.549,,36.769,,18.379,,8.816,,4.403,,2.196,,1.092,,0.43,,0.209,,,,,,,,,,,,
206,358.395,221.13,,73.703,,36.846,,18.418,,8.835,,4.412,,2.201,,1.095,,0.431,,0.209,,,,,,,,,,,,
207,359.143,221.591,,73.857,,36.923,,18.456,,8.853,,4.421,,2.205,,1.097,,0.432,,0.21,,,,,,,,,,,,
208,359.891,222.053,,74.011,,37,,18.495,,8.872,,4.431,,2.21,,1.1,,0.433,,0.21,,,,,,,,,,,,
209,360.639,222.514,,74.164,,37.077,,18.533,,8.89,,4.44,,2.215,,1.102,,0.434,,0.211,,,,,,,,,,,,
210,361.387,222.976,,74.318,,37.154,,18.572,,8.909,,4.449,,2.219,,1.104,,0.435,,0.212,,,,,,,,,,,,
211,362.135,223.437,,74.472,,37.231,,18.61,,8.928,,4.459,,2.224,,1.107,,0.436,,0.212,,,,,,,,,,,,
212,362.883,223.899,,74.626,,37.308,,18.649,,8.946,,4.468,,2.229,,1.109,,0.437,,0.213,,,,,,,,,,,,
213,363.631,224.361,,74.78,,37.385,,18.687,,8.965,,4.477,,2.233,,1.111,,0.438,,0.213,,0.1,,,,,,,,,,
214,364.379,224.822,,74.934,,37.462,,18.726,,8.983,,4.486,,2.238,,1.114,,0.439,,0.214,,0.1,,,,,,,,,,
215,365.127,225.284,,75.088,,37.539,,18.764,,9.002,,4.496,,2.243,,1.116,,0.44,,0.214,,0.1,,,,,,,,,,
216,365.875,225.745,,75.242,,37.616,,18.803,,9.02,,4.505,,2.247,,1.119,,0.441,,0.215,,0.101,,,,,,,,,,
217,366.623,226.207,,75.396,,37.693,,18.841,,9.039,,4.514,,2.252,,1.121,,0.442,,0.215,,0.101,,,,,,,,,,
218,367.372,226.669,,75.55,,37.77,,18.88,,9.057,,4.524,,2.257,,1.123,,0.443,,0.216,,0.102,,,,,,,,,,
219,368.12,227.13,,75.703,,37.847,,18.918,,9.076,,4.533,,2.261,,1.126,,0.444,,0.216,,0.102,,,,,,,,,,
220,368.868,227.592,,75.857,,37.924,,18.957,,9.094,,4.542,,2.266,,1.128,,0.445,,0.217,,0.102,,,,,,,,,,
221,369.616,228.053,,76.011,,38.001,,18.996,,9.113,,4.551,,2.271,,1.13,,0.446,,0.218,,0.102,,,,,,,,,,
222,370.364,228.515,,76.165,,38.078,,19.034,,9.131,,4.561,,2.275,,1.133,,0.447,,0.218,,0.103,,,,,,,,,,
223,371.112,228.977,,76.319,,38.155,,19.073,,9.15,,4.57,,2.28,,1.135,,0.448,,0.219,,0.103,,,,,,,,,,
224,371.86,229.438,,76.473,,38.232,,19.111,,9.168,,4.579,,2.285,,1.138,,0.449,,0.219,,0.103,,,,,,,,,,
225,372.608,229.9,,76.627,,38.309,,19.15,,9.187,,4.589,,2.29,,1.14,,0.45,,0.22,,0.104,,,,,,,,,,
226,373.356,230.361,,76.781,,38.386,,19.188,,9.205,,4.598,,2.294,,1.142,,0.451,,0.22,,0.104,,,,,,,,,,
227,374.104,230.823,,76.935,,38.463,,19.227,,9.224,,4.607,,2.299,,1.145,,0.452,,0.221,,0.104,,,,,,,,,,
228,374.852,231.284,,77.089,,38.54,,19.265,,9.242,,4.617,,2.304,,1.147,,0.453,,0.221,,0.105,,,,,,,,,,
229,375.6,231.746,,77.242,,38.617,,19.304,,9.261,,4.626,,2.308,,1.149,,0.454,,0.222,,0.105,,,,,,,,,,
230,376.348,232.208,,77.396,,38.694,,19.342,,9.279,,4.635,,2.313,,1.152,,0.455,,0.222,,0.105,,,,,,,,,,
231,377.096,232.669,,77.55,,38.771,,19.381,,9.298,,4.644,,2.318,,1.154,,0.456,,0.223,,0.106,,,,,,,,,,
232,377.844,233.131,,77.704,,38.848,,19.419,,9.316,,4.654,,2.322,,1.156,,0.457,,0.223,,0.106,,,,,,,,,,
233,378.592,233.592,,77.858,,38.924,,19.458,,9.335,,4.663,,2.327,,1.159,,0.458,,0.224,,0.106,,,,,,,,,,
234,379.34,234.054,,78.012,,39.001,,19.496,,9.353,,4.672,,2.332,,1.161,,0.459,,0.224,,0.107,,,,,,,,,,
235,380.089,234.515,,78.166,,39.078,,19.535,,9.372,,4.681,,2.336,,1.164,,0.46,,0.225,,0.107,,,,,,,,,,
236,380.837,234.977,,78.32,,39.155,,19.573,,9.391,,4.691,,2.341,,1.166,,0.461,,0.225,,0.107,,,,,,,,,,
237,381.585,235.439,,78.474,,39.232,,19.612,,9.409,,4.7,,2.346,,1.168,,0.462,,0.226,,0.108,,,,,,,,,,
238,382.333,235.9,,78.628,,39.309,,19.65,,9.428,,4.709,,2.35,,1.171,,0.463,,0.227,,0.108,,,,,,,,,,
239,383.081,236.362,,78.781,,39.386,,19.689,,9.446,,4.719,,2.355,,1.173,,0.464,,0.227,,0.108,,,,,,,,,,
240,383.829,236.823,,78.935,,39.463,,19.727,,9.465,,4.728,,2.36,,1.175,,0.465,,0.228,,0.108,,,,,,,,,,
241,384.577,237.285,,79.089,,39.54,,19.766,,9.483,,4.737,,2.364,,1.178,,0.466,,0.228,,0.109,,,,,,,,,,
242,385.325,237.747,,79.243,,39.617,,19.804,,9.502,,4.746,,2.369,,1.18,,0.467,,0.229,,0.109,,,,,,,,,,
243,386.073,238.208,,79.397,,39.694,,19.843,,9.52,,4.756,,2.374,,1.182,,0.468,,0.229,,0.109,,,,,,,,,,
244,386.821,238.67,,79.551,,39.771,,19.881,,9.539,,4.765,,2.378,,1.185,,0.469,,0.23,,0.11,,,,,,,,,,
245,387.569,239.131,,79.705,,39.848,,19.92,,9.557,,4.774,,2.383,,1.187,,0.47,,0.23,,0.11,,,,,,,,,,
246,388.317,239.593,,79.859,,39.925,,19.958,,9.576,,4.784,,2.388,,1.189,,0.471,,0.231,,0.11,,,,,,,,,,
247,389.065,240.054,,80.013,,40.002,,19.997,,9.594,,4.793,,2.392,,1.192,,0.472,,0.231,,0.111,,,,,,,,,,
248,389.813,240.516,,80.166,,40.079,,20.035,,9.613,,4.802,,2.397,,1.194,,0.472,,0.232,,0.111,,,,,,,,,,
249,390.561,240.978,,80.32,,40.156,,20.074,,9.631,,4.811,,2.402,,1.197,,0.473,,0.232,,0.111,,,,,,,,,,
250,391.309,241.439,,80.474,,40.233,,20.112,,9.65,,4.821,,2.406,,1.199,,0.474,,0.233,,0.111,,,,,,,,,,
251,392.057,241.901,,80.628,,40.31,,20.151,,9.668,,4.83,,2.411,,1.201,,0.475,,0.233,,0.112,,,,,,,,,,
252,392.805,242.362,,80.782,,40.387,,20.189,,9.687,,4.839,,2.416,,1.204,,0.476,,0.234,,0.112,,,,,,,,,,
253,393.553,242.824,,80.936,,40.464,,20.228,,9.705,,4.849,,2.42,,1.206,,0.477,,0.234,,0.112,,,,,,,,,,
254,394.301,243.285,,81.09,,40.541,,20.266,,9.724,,4.858,,2.425,,1.208,,0.478,,0.235,,0.113,,,,,,,,,,
255,395.05,243.747,,81.244,,40.618,,20.305,,9.742,,4.867,,2.429,,1.211,,0.479,,0.235,,0.113,,,,,,,,,,
256,395.798,244.209,,81.398,,40.695,,20.343,,9.761,,4.876,,2.434,,1.213,,0.48,,0.236,,0.113,,,,,,,,,,
257,396.546,244.67,,81.551,,40.772,,20.382,,9.779,,4.886,,2.439,,1.215,,0.481,,0.236,,0.114,,,,,,,,,,
258,397.294,245.132,,81.705,,40.849,,20.42,,9.798,,4.895,,2.443,,1.218,,0.482,,0.237,,0.114,,,,,,,,,,
259,398.042,245.593,,81.859,,40.926,,20.459,,9.816,,4.904,,2.448,,1.22,,0.483,,0.237,,0.114,,,,,,,,,,
260,398.79,246.055,,82.013,,41.003,,20.497,,9.835,,4.913,,2.453,,1.222,,0.484,,0.238,,0.114,,,,,,,,,,
261,399.538,246.516,,82.167,,41.08,,20.536,,9.853,,4.923,,2.457,,1.225,,0.485,,0.238,,0.115,,,,,,,,,,
262,400.286,246.978,,82.321,,41.157,,20.574,,9.872,,4.932,,2.462,,1.227,,0.486,,0.239,,0.115,,,,,,,,,,
263,401.034,247.439,,82.475,,41.234,,20.613,,9.89,,4.941,,2.467,,1.229,,0.487,,0.239,,0.115,,,,,,,,,,
264,401.782,247.901,,82.629,,41.31,,20.651,,9.909,,4.951,,2.471,,1.232,,0.488,,0.24,,0.116,,0.039,,,,,,,,
265,402.53,248.363,,82.782,,41.387,,20.69,,9.927,,4.96,,2.476,,1.234,,0.489,,0.24,,0.116,,0.04,,,,,,,,
266,403.278,248.824,,82.936,,41.464,,20.728,,9.946,,4.969,,2.481,,1.237,,0.49,,0.241,,0.116,,0.04,,,,,,,,
267,404.026,249.286,,83.09,,41.541,,20.767,,9.964,,4.978,,2.485,,1.239,,0.491,,0.241,,0.116,,0.04,,,,,,,,
268,404.774,249.747,,83.244,,41.618,,20.805,,9.983,,4.988,,2.49,,1.241,,0.492,,0.242,,0.117,,0.04,,,,,,,,
269,405.522,250.209,,83.398,,41.695,,20.844,,10.001,,4.997,,2.495,,1.244,,0.493,,0.242,,0.117,,0.04,,,,,,,,
270,406.27,250.67,,83.552,,41.772,,20.882,,10.02,,5.006,,2.499,,1.246,,0.494,,0.243,,0.117,,0.041,,,,,,,,
271,407.018,251.132,,83.706,,41.849,,20.921,,10.038,,5.015,,2.504,,1.248,,0.495,,0.243,,0.118,,0.041,,,,,,,,
272,407.766,251.594,,83.86,,41.926,,20.959,,10.057,,5.025,,2.509,,1.251,,0.496,,0.244,,0.118,,0.041,,,,,,,,
273,408.514,252.055,,84.014,,42.003,,20.998,,10.075,,5.034,,2.513,,1.253,,0.497,,0.244,,0.118,,0.041,,,,,,,,
274,409.262,252.517,,84.167,,42.08,,21.036,,10.094,,5.043,,2.518,,1.255,,0.498,,0.245,,0.118,,0.041,,,,,,,,
275,410.01,252.978,,84.321,,42.157,,21.075,,10.112,,5.052,,2.523,,1.258,,0.499,,0.245,,0.119,,0.041,,,,,,,,
276,410.758,253.44,,84.475,,42.234,,21.113,,10.131,,5.062,,2.527,,1.26,,0.5,,0.246,,0.119,,0.042,,,,,,,,
277,411.506,253.901,,84.629,,42.311,,21.152,,10.149,,5.071,,2.532,,1.262,,0.501,,0.246,,0.119,,0.042,,,,,,,,
278,412.255,254.363,,84.783,,42.388,,21.19,,10.168,,5.08,,2.537,,1.265,,0.502,,0.247,,0.119,,0.042,,,,,,,,
279,413.003,254.825,,84.937,,42.465,,21.229,,10.186,,5.09,,2.541,,1.267,,0.502,,0.247,,0.12,,0.042,,,,,,,,
280,413.751,255.286,,85.091,,42.542,,21.267,,10.205,,5.099,,2.546,,1.269,,0.503,,0.248,,0.12,,0.042,,,,,,,,
281,414.499,255.748,,85.245,,42.619,,21.306,,10.223,,5.108,,2.551,,1.272,,0.504,,0.249,,0.12,,0.042,,,,,,,,
282,415.247,256.209,,85.398,,42.696,,21.344,,10.242,,5.117,,2.555,,1.274,,0.505,,0.249,,0.121,,0.043,,,,,,,,
283,415.995,256.671,,85.552,,42.773,,21.383,,10.26,,5.127,,2.56,,1.276,,0.506,,0.25,,0.121,,0.043,,,,,,,,
284,416.743,257.132,,85.706,,42.85,,21.421,,10.279,,5.136,,2.564,,1.279,,0.507,,0.25,,0.121,,0.043,,,,,,,,
285,417.491,257.594,,85.86,,42.927,,21.46,,10.297,,5.145,,2.569,,1.281,,0.508,,0.251,,0.121,,0.043,,,,,,,,
286,418.239,258.055,,86.014,,43.004,,21.498,,10.316,,5.154,,2.574,,1.283,,0.509,,0.251,,0.122,,0.043,,,,,,,,
287,418.987,258.517,,86.168,,43.081,,21.537,,10.334,,5.164,,2.578,,1.286,,0.51,,0.252,,0.122,,0.043,,,,,,,,
288,419.735,258.979,,86.322,,43.157,,21.575,,10.353,,5.173,,2.583,,1.288,,0.511,,0.252,,0.122,,0.044,,,,,,,,
289,420.483,259.44,,86.476,,43.234,,21.614,,10.371,,5.182,,2.588,,1.29,,0.512,,0.253,,0.123,,0.044,,,,,,,,
290,421.231,259.902,,86.629,,43.311,,21.652,,10.39,,5.191,,2.592,,1.293,,0.513,,0.253,,0.123,,0.044,,,,,,,,
291,421.979,260.363,,86.783,,43.388,,21.691,,10.408,,5.201,,2.597,,1.295,,0.514,,0.254,,0.123,,0.044,,,,,,,,
292,422.727,260.825,,86.937,,43.465,,21.729,,10.427,,5.21,,2.602,,1.298,,0.515,,0.254,,0.123,,0.044,,,,,,,,
293,423.475,261.286,,87.091,,43.542,,21.768,,10.445,,5.219,,2.606,,1.3,,0.516,,0.254,,0.124,,0.044,,,,,,,,
294,424.223,261.748,,87.245,,43.619,,21.806,,10.464,,5.229,,2.611,,1.302,,0.517,,0.255,,0.124,,0.044,,,,,,,,
295,424.971,262.209,,87.399,,43.696,,21.845,,10.482,,5.238,,2.616,,1.305,,0.518,,0.255,,0.124,,0.045,,,,,,,,
296,425.719,262.671,,87.553,,43.773,,21.883,,10.501,,5.247,,2.62,,1.307,,0.519,,0.256,,0.124,,0.045,,,,,,,,
297,426.467,263.133,,87.707,,43.85,,21.922,,10.519,,5.256,,2.625,,1.309,,0.52,,0.256,,0.125,,0.045,,,,,,,,
298,427.215,263.594,,87.86,,43.927,,21.96,,10.538,,5.266,,2.63,,1.312,,0.521,,0.257,,0.125,,0.045,,,,,,,,
299,427.963,264.056,,88.014,,44.004,,21.999,,10.556,,5.275,,2.634,,1.314,,0.522,,0.257,,0.125,,0.045,,,,,,,,
300,428.711,264.517,,88.168,,44.081,,22.037,,10.575,,5.284,,2.639,,1.316,,0.523,,0.258,,0.126,,0.045,,,,,,,,
301,429.459,264.979,,88.322,,44.158,,22.076,,10.593,,5.293,,2.644,,1.319,,0.524,,0.258,,0.126,,0.045,,,,,,,,
302,430.207,265.44,,88.476,,44.235,,22.114,,10.612,,5.303,,2.648,,1.321,,0.525,,0.259,,0.126,,0.046,,,,,,,,
303,430.955,265.902,,88.63,,44.312,,22.153,,10.63,,5.312,,2.653,,1.323,,0.525,,0.259,,0.126,,0.046,,,,,,,,
304,431.703,266.364,,88.784,,44.389,,22.191,,10.649,,5.321,,2.657,,1.326,,0.526,,0.26,,0.127,,0.046,,,,,,,,
305,432.451,266.825,,88.938,,44.466,,22.23,,10.667,,5.33,,2.662,,1.328,,0.527,,0.26,,0.127,,0.046,,,,,,,,
306,433.2,267.287,,89.091,,44.543,,22.268,,10.686,,5.34,,2.667,,1.33,,0.528,,0.261,,0.127,,0.046,,,,,,,,
307,433.948,267.748,,89.245,,44.62,,22.307,,10.704,,5.349,,2.671,,1.333,,0.529,,0.261,,0.127,,0.046,,,,,,,,
308,434.696,268.21,,89.399,,44.697,,22.345,,10.723,,5.358,,2.676,,1.335,,0.53,,0.262,,0.128,,0.046,,,,,,,,
309,435.444,268.671,,89.553,,44.773,,22.384,,10.741,,5.367,,2.681,,1.337,,0.531,,0.262,,0.128,,0.047,,,,,,,,
310,436.192,269.133,,89.707,,44.85,,22.422,,10.76,,5.377,,2.685,,1.34,,0.532,,0.263,,0.128,,0.047,,,,,,,,
311,436.94,269.594,,89.861,,44.927,,22.461,,10.778,,5.386,,2.69,,1.342,,0.533,,0.263,,0.128,,0.047,,0.018,,,,,,
312,437.688,270.056,,90.015,,45.004,,22.499,,10.796,,5.395,,2.695,,1.344,,0.534,,0.264,,0.129,,0.047,,0.018,,,,,,
313,438.436,270.518,,90.169,,45.081,,22.538,,10.815,,5.405,,2.699,,1.347,,0.535,,0.264,,0.129,,0.047,,0.018,,,,,,
314,439.184,270.979,,90.322,,45.158,,22.576,,10.833,,5.414,,2.704,,1.349,,0.536,,0.265,,0.129,,0.047,,0.018,,,,,,
315,439.932,271.441,,90.476,,45.235,,22.615,,10.852,,5.423,,2.709,,1.351,,0.537,,0.265,,0.129,,0.047,,0.019,,,,,,
316,440.68,271.902,,90.63,,45.312,,22.653,,10.87,,5.432,,2.713,,1.354,,0.538,,0.266,,0.13,,0.048,,0.019,,,,,,
317,441.428,272.364,,90.784,,45.389,,22.692,,10.889,,5.442,,2.718,,1.356,,0.539,,0.266,,0.13,,0.048,,0.019,,,,,,
318,442.176,272.825,,90.938,,45.466,,22.73,,10.907,,5.451,,2.722,,1.358,,0.54,,0.267,,0.13,,0.048,,0.019,,,,,,
319,442.924,273.287,,91.092,,45.543,,22.769,,10.926,,5.46,,2.727,,1.361,,0.541,,0.267,,0.131,,0.048,,0.019,,,,,,
320,443.672,273.748,,91.246,,45.62,,22.807,,10.944,,5.469,,2.732,,1.363,,0.542,,0.268,,0.131,,0.048,,0.019,,,,,,
321,444.42,274.21,,91.399,,45.697,,22.846,,10.963,,5.479,,2.736,,1.365,,0.543,,0.268,,0.131,,0.048,,0.019,,,,,,
322,445.168,274.671,,91.553,,45.774,,22.884,,10.981,,5.488,,2.741,,1.368,,0.544,,0.269,,0.131,,0.048,,0.02,,,,,,
323,445.916,275.133,,91.707,,45.851,,22.923,,11,,5.497,,2.746,,1.37,,0.545,,0.269,,0.132,,0.049,,0.02,,,,,,
324,446.664,275.595,,91.861,,45.928,,22.961,,11.018,,5.506,,2.75,,1.372,,0.545,,0.27,,0.132,,0.049,,0.02,,,,,,
325,447.412,276.056,,92.015,,46.005,,23,,11.037,,5.516,,2.755,,1.375,,0.546,,0.27,,0.132,,0.049,,0.02,,,,,,
326,448.16,276.518,,92.169,,46.082,,23.038,,11.055,,5.525,,2.76,,1.377,,0.547,,0.271,,0.132,,0.049,,0.02,,,,,,
327,448.908,276.979,,92.323,,46.159,,23.076,,11.074,,5.534,,2.764,,1.379,,0.548,,0.271,,0.133,,0.049,,0.02,,,,,,
328,449.656,277.441,,92.477,,46.236,,23.115,,11.092,,5.543,,2.769,,1.382,,0.549,,0.272,,0.133,,0.049,,0.02,,,,,,
329,450.404,277.902,,92.63,,46.312,,23.153,,11.111,,5.553,,2.774,,1.384,,0.55,,0.272,,0.133,,0.049,,0.02,,,,,,
330,451.152,278.364,,92.784,,46.389,,23.192,,11.129,,5.562,,2.778,,1.386,,0.551,,0.273,,0.133,,0.049,,0.02,,,,,,
331,451.9,278.825,,92.938,,46.466,,23.23,,11.148,,5.571,,2.783,,1.389,,0.552,,0.273,,0.134,,0.05,,0.021,,,,,,
332,452.648,279.287,,93.092,,46.543,,23.269,,11.166,,5.58,,2.787,,1.391,,0.553,,0.274,,0.134,,0.05,,0.021,,,,,,
333,453.396,279.749,,93.246,,46.62,,23.307,,11.185,,5.59,,2.792,,1.393,,0.554,,0.274,,0.134,,0.05,,0.021,,,,,,
334,454.144,280.21,,93.4,,46.697,,23.346,,11.203,,5.599,,2.797,,1.396,,0.555,,0.275,,0.134,,0.05,,0.021,,,,,,
335,454.892,280.672,,93.554,,46.774,,23.384,,11.222,,5.608,,2.801,,1.398,,0.556,,0.275,,0.135,,0.05,,0.021,,,,,,
336,455.64,281.133,,93.708,,46.851,,23.423,,11.24,,5.617,,2.806,,1.4,,0.557,,0.276,,0.135,,0.05,,0.021,,,,,,
337,456.388,281.595,,93.861,,46.928,,23.461,,11.259,,5.627,,2.811,,1.403,,0.558,,0.276,,0.135,,0.05,,0.021,,,,,,
338,457.136,282.056,,94.015,,47.005,,23.5,,11.277,,5.636,,2.815,,1.405,,0.559,,0.277,,0.136,,0.05,,0.021,,,,,,
339,457.884,282.518,,94.169,,47.082,,23.538,,11.296,,5.645,,2.82,,1.407,,0.56,,0.277,,0.136,,0.051,,0.021,,,,,,
340,458.633,282.979,,94.323,,47.159,,23.577,,11.314,,5.654,,2.825,,1.41,,0.561,,0.278,,0.136,,0.051,,0.021,,,,,,
341,459.381,283.441,,94.477,,47.236,,23.615,,11.333,,5.664,,2.829,,1.412,,0.562,,0.278,,0.136,,0.051,,0.022,,,,,,
342,460.129,283.903,,94.631,,47.313,,23.654,,11.351,,5.673,,2.834,,1.414,,0.563,,0.279,,0.137,,0.051,,0.022,,,,,,
343,460.877,284.364,,94.785,,47.39,,23.692,,11.37,,5.682,,2.839,,1.417,,0.564,,0.279,,0.137,,0.051,,0.022,,,,,,
344,461.625,284.826,,94.938,,47.467,,23.731,,11.388,,5.691,,2.843,,1.419,,0.564,,0.28,,0.137,,0.051,,0.022,,,,,,
345,462.373,285.287,,95.092,,47.544,,23.769,,11.407,,5.701,,2.848,,1.421,,0.565,,0.28,,0.137,,0.051,,0.022,,,,,,
346,463.121,285.749,,95.246,,47.621,,23.808,,11.425,,5.71,,2.852,,1.424,,0.566,,0.281,,0.138,,0.051,,0.022,,,,,,
347,463.869,286.21,,95.4,,47.697,,23.846,,11.444,,5.719,,2.857,,1.426,,0.567,,0.281,,0.138,,0.052,,0.022,,,,,,
348,464.617,286.672,,95.554,,47.774,,23.885,,11.462,,5.728,,2.862,,1.428,,0.568,,0.282,,0.138,,0.052,,0.022,,,,,,
349,465.365,287.133,,95.708,,47.851,,23.923,,11.48,,5.738,,2.866,,1.431,,0.569,,0.282,,0.138,,0.052,,0.022,,,,,,
350,466.113,287.595,,95.862,,47.928,,23.962,,11.499,,5.747,,2.871,,1.433,,0.57,,0.282,,0.139,,0.052,,0.022,,,,,,
351,466.861,288.056,,96.015,,48.005,,24,,11.517,,5.756,,2.876,,1.435,,0.571,,0.283,,0.139,,0.052,,0.023,,,,,,
352,467.609,288.518,,96.169,,48.082,,24.039,,11.536,,5.765,,2.88,,1.438,,0.572,,0.283,,0.139,,0.052,,0.023,,,,,,
353,468.357,288.98,,96.323,,48.159,,24.077,,11.554,,5.775,,2.885,,1.44,,0.573,,0.284,,0.139,,0.052,,0.023,,,,,,
354,469.105,289.441,,96.477,,48.236,,24.116,,11.573,,5.784,,2.89,,1.442,,0.574,,0.284,,0.14,,0.052,,0.023,,,,,,
355,469.853,289.903,,96.631,,48.313,,24.154,,11.591,,5.793,,2.894,,1.445,,0.575,,0.285,,0.14,,0.053,,0.023,,,,,,
356,470.601,290.364,,96.785,,48.39,,24.193,,11.61,,5.802,,2.899,,1.447,,0.576,,0.285,,0.14,,0.053,,0.023,,,,,,
357,471.349,290.826,,96.939,,48.467,,24.231,,11.628,,5.812,,2.903,,1.449,,0.577,,0.286,,0.14,,0.053,,0.023,,,,,,
358,472.097,291.287,,97.093,,48.544,,24.27,,11.647,,5.821,,2.908,,1.452,,0.578,,0.286,,0.141,,0.053,,0.023,,,,,,
359,472.845,291.749,,97.246,,48.621,,24.308,,11.665,,5.83,,2.913,,1.454,,0.579,,0.287,,0.141,,0.053,,0.023,,,,,,
360,473.593,292.21,,97.4,,48.698,,24.346,,11.684,,5.84,,2.917,,1.456,,0.58,,0.287,,0.141,,0.053,,0.023,,,,,,
361,474.341,292.672,,97.554,,48.775,,24.385,,11.702,,5.849,,2.922,,1.459,,0.581,,0.288,,0.141,,0.053,,0.023,,,,,,
362,475.089,293.133,,97.708,,48.852,,24.423,,11.721,,5.858,,2.927,,1.461,,0.581,,0.288,,0.142,,0.053,,0.023,,,,,,
363,475.837,293.595,,97.862,,48.929,,24.462,,11.739,,5.867,,2.931,,1.463,,0.582,,0.289,,0.142,,0.054,,0.024,,,,,,
364,476.585,294.057,,98.016,,49.006,,24.5,,11.758,,5.877,,2.936,,1.466,,0.583,,0.289,,0.142,,0.054,,0.024,,,,,,
365,477.333,294.518,,98.17,,49.082,,24.539,,11.776,,5.886,,2.941,,1.468,,0.584,,0.29,,0.142,,0.054,,0.024,,,,,,
366,478.081,294.98,,98.323,,49.159,,24.577,,11.795,,5.895,,2.945,,1.47,,0.585,,0.29,,0.143,,0.054,,0.024,,0.006,,,,
367,478.829,295.441,,98.477,,49.236,,24.616,,11.813,,5.904,,2.95,,1.473,,0.586,,0.291,,0.143,,0.054,,0.024,,0.006,,,,
368,479.577,295.903,,98.631,,49.313,,24.654,,11.832,,5.914,,2.954,,1.475,,0.587,,0.291,,0.143,,0.054,,0.024,,0.007,,,,
369,480.325,296.364,,98.785,,49.39,,24.693,,11.85,,5.923,,2.959,,1.477,,0.588,,0.292,,0.143,,0.054,,0.024,,0.007,,,,
370,481.073,296.826,,98.939,,49.467,,24.731,,11.869,,5.932,,2.964,,1.48,,0.589,,0.292,,0.144,,0.054,,0.024,,0.007,,,,
371,481.821,297.287,,99.093,,49.544,,24.77,,11.887,,5.941,,2.968,,1.482,,0.59,,0.293,,0.144,,0.054,,0.024,,0.007,,,,
372,482.569,297.749,,99.247,,49.621,,24.808,,11.906,,5.951,,2.973,,1.484,,0.591,,0.293,,0.144,,0.055,,0.024,,0.007,,,,
373,483.317,298.21,,99.4,,49.698,,24.847,,11.924,,5.96,,2.978,,1.487,,0.592,,0.294,,0.144,,0.055,,0.024,,0.007,,,,
374,484.065,298.672,,99.554,,49.775,,24.885,,11.943,,5.969,,2.982,,1.489,,0.593,,0.294,,0.145,,0.055,,0.024,,0.008,,,,
375,484.813,299.134,,99.708,,49.852,,24.924,,11.961,,5.978,,2.987,,1.491,,0.594,,0.295,,0.145,,0.055,,0.025,,0.008,,,,
376,485.561,299.595,,99.862,,49.929,,24.962,,11.98,,5.988,,2.992,,1.494,,0.595,,0.295,,0.145,,0.055,,0.025,,0.008,,0.002,0.002,0.001
377,486.309,300.057,,100.016,,50.006,,25.001,,11.998,,5.997,,2.996,,1.496,,0.596,,0.296,,0.145,,0.055,,0.025,,0.008,,0.002,0.002,0.001
378,487.057,300.518,,100.17,,50.083,,25.039,,12.016,,6.006,,3.001,,1.498,,0.597,,0.296,,0.146,,0.055,,0.025,,0.008,,0.002,0.002,0.001
379,487.805,300.98,,100.324,,50.16,,25.078,,12.035,,6.015,,3.005,,1.5,,0.598,,0.297,,0.146,,0.055,,0.025,,0.008,,0.002,0.002,0.001
380,488.553,301.441,,100.478,,50.237,,25.116,,12.053,,6.025,,3.01,,1.503,,0.598,,0.297,,0.146,,0.056,,0.025,,0.008,,0.002,0.002,0.001
381,489.302,301.903,,100.631,,50.313,,25.155,,12.072,,6.034,,3.015,,1.505,,0.599,,0.297,,0.146,,0.056,,0.025,,0.008,,0.002,0.002,0.001
382,490.05,302.364,,100.785,,50.39,,25.193,,12.09,,6.043,,3.019,,1.507,,0.6,,0.298,,0.147,,0.056,,0.025,,0.008,,0.002,0.002,0.001
383,490.798,302.826,,100.939,,50.467,,25.232,,12.109,,6.052,,3.024,,1.51,,0.601,,0.298,,0.147,,0.056,,0.025,,0.009,,0.002,0.002,0.001
384,491.546,303.287,,101.093,,50.544,,25.27,,12.127,,6.062,,3.029,,1.512,,0.602,,0.299,,0.147,,0.056,,0.025,,0.009,,0.002,0.002,0.001
385,492.294,303.749,,101.247,,50.621,,25.308,,12.146,,6.071,,3.033,,1.514,,0.603,,0.299,,0.147,,0.056,,0.025,,0.009,,0.002,0.002,0.001
386,493.042,304.211,,101.401,,50.698,,25.347,,12.164,,6.08,,3.038,,1.517,,0.604,,0.3,,0.148,,0.056,,0.025,,0.009,,0.002,0.002,0.001
387,493.79,304.672,,101.555,,50.775,,25.385,,12.183,,6.089,,3.042,,1.519,,0.605,,0.3,,0.148,,0.056,,0.025,,0.009,,0.002,0.002,0.001
388,494.538,305.134,,101.708,,50.852,,25.424,,12.201,,6.099,,3.047,,1.521,,0.606,,0.301,,0.148,,0.056,,0.026,,0.009,,0.002,0.002,0.001
389,495.286,305.595,,101.862,,50.929,,25.462,,12.22,,6.108,,3.052,,1.524,,0.607,,0.301,,0.148,,0.057,,0.026,,0.009,,0.002,0.002,0.001
390,496.034,306.057,,102.016,,51.006,,25.501,,12.238,,6.117,,3.056,,1.526,,0.608,,0.302,,0.149,,0.057,,0.026,,0.009,,0.002,0.002,0.001
391,496.782,306.518,,102.17,,51.083,,25.539,,12.257,,6.126,,3.061,,1.528,,0.609,,0.302,,0.149,,0.057,,0.026,,0.009,,0.002,0.002,0.001
392,497.53,306.98,,102.324,,51.16,,25.578,,12.275,,6.136,,3.066,,1.531,,0.61,,0.303,,0.149,,0.057,,0.026,,0.009,,0.002,0.002,0.001
393,498.278,307.441,,102.478,,51.237,,25.616,,12.294,,6.145,,3.07,,1.533,,0.611,,0.303,,0.149,,0.057,,0.026,,0.009,,0.002,0.002,0.001
394,499.026,307.903,,102.632,,51.314,,25.655,,12.312,,6.154,,3.075,,1.535,,0.612,,0.304,,0.15,,0.057,,0.026,,0.01,,0.002,0.002,0.001
395,499.774,308.364,,102.785,,51.391,,25.693,,12.331,,6.163,,3.08,,1.538,,0.613,,0.304,,0.15,,0.057,,0.026,,0.01,,0.002,0.002,0.001
396,500.522,308.826,,102.939,,51.468,,25.732,,12.349,,6.172,,3.084,,1.54,,0.614,,0.305,,0.15,,0.057,,0.026,,0.01,,0.002,0.002,0.001
397,501.27,309.288,,103.093,,51.545,,25.77,,12.368,,6.182,,3.089,,1.542,,0.614,,0.305,,0.15,,0.058,,0.026,,0.01,,0.002,0.002,0.001
398,502.018,309.749,,103.247,,51.621,,25.809,,12.386,,6.191,,3.093,,1.545,,0.615,,0.306,,0.151,,0.058,,0.026,,0.01,,0.002,0.002,0.001
399,502.766,310.211,,103.401,,51.698,,25.847,,12.405,,6.2,,3.098,,1.547,,0.616,,0.306,,0.151,,0.058,,0.026,,0.01,,0.002,0.002,0.001
400,503.514,310.672,,103.555,,51.775,,25.886,,12.423,,6.209,,3.103,,1.549,,0.617,,0.307,,0.151,,0.058,,0.026,,0.01,,0.002,0.002,0.001
401,504.262,311.134,,103.709,,51.852,,25.924,,12.441,,6.219,,3.107,,1.552,,0.618,,0.307,,0.151,,0.058,,0.027,,0.01,,0.002,0.002,0.001
402,505.01,311.595,,103.862,,51.929,,25.963,,12.46,,6.228,,3.112,,1.554,,0.619,,0.308,,0.152,,0.058,,0.027,,0.01,,0.002,0.002,0.001
403,505.758,312.057,,104.016,,52.006,,26.001,,12.478,,6.237,,3.117,,1.556,,0.62,,0.308,,0.152,,0.058,,0.027,,0.01,,0.002,0.002,0.001
404,506.506,312.518,,104.17,,52.083,,26.04,,12.497,,6.246,,3.121,,1.559,,0.621,,0.309,,0.152,,0.058,,0.027,,0.01,,0.002,0.002,0.001
405,507.254,312.98,,104.324,,52.16,,26.078,,12.515,,6.256,,3.126,,1.561,,0.622,,0.309,,0.152,,0.058,,0.027,,0.01,,0.002,0.002,0.001
406,508.002,313.441,,104.478,,52.237,,26.117,,12.534,,6.265,,3.131,,1.563,,0.623,,0.309,,0.153,,0.059,,0.027,,0.01,,0.002,0.002,0.001
407,508.75,313.903,,104.632,,52.314,,26.155,,12.552,,6.274,,3.135,,1.566,,0.624,,0.31,,0.153,,0.059,,0.027,,0.01,,0.002,0.002,0.001
408,509.498,314.365,,104.786,,52.391,,26.193,,12.571,,6.283,,3.14,,1.568,,0.625,,0.31,,0.153,,0.059,,0.027,,0.01,,0.002,0.002,0.001
409,510.246,314.826,,104.939,,52.468,,26.232,,12.589,,6.293,,3.144,,1.57,,0.626,,0.311,,0.153,,0.059,,0.027,,0.011,,0.002,0.002,0.001
410,510.994,315.288,,105.093,,52.545,,26.27,,12.608,,6.302,,3.149,,1.573,,0.627,,0.311,,0.154,,0.059,,0.027,,0.011,,0.002,0.002,0.001
411,511.742,315.749,,105.247,,52.622,,26.309,,12.626,,6.311,,3.154,,1.575,,0.628,,0.312,,0.154,,0.059,,0.027,,0.011,,0.002,0.002,0.001
412,512.49,316.211,,105.401,,52.699,,26.347,,12.645,,6.32,,3.158,,1.577,,0.629,,0.312,,0.154,,0.059,,0.027,,0.011,,0.002,0.002,0.001
413,513.238,316.672,,105.555,,52.776,,26.386,,12.663,,6.33,,3.163,,1.58,,0.63,,0.313,,0.154,,0.059,,0.027,,0.011,,0.002,0.002,0.001
414,513.986,317.134,,105.709,,52.852,,26.424,,12.682,,6.339,,3.168,,1.582,,0.63,,0.313,,0.155,,0.059,,0.027,,0.011,,0.002,0.002,0.001
415,514.734,317.595,,105.863,,52.929,,26.463,,12.7,,6.348,,3.172,,1.584,,0.631,,0.314,,0.155,,0.06,,0.027,,0.011,,0.002,0.002,0.001
416,515.482,318.057,,106.016,,53.006,,26.501,,12.719,,6.357,,3.177,,1.587,,0.632,,0.314,,0.155,,0.06,,0.028,,0.011,,0.002,0.002,0.001
417,516.23,318.518,,106.17,,53.083,,26.54,,12.737,,6.367,,3.181,,1.589,,0.633,,0.315,,0.155,,0.06,,0.028,,0.011,,0.002,0.002,0.001
418,516.978,318.98,,106.324,,53.16,,26.578,,12.756,,6.376,,3.186,,1.591,,0.634,,0.315,,0.156,,0.06,,0.028,,0.011,,0.002,0.002,0.002
419,517.726,319.441,,106.478,,53.237,,26.617,,12.774,,6.385,,3.191,,1.593,,0.635,,0.316,,0.156,,0.06,,0.028,,0.011,,0.002,0.002,0.002
420,518.474,319.903,,106.632,,53.314,,26.655,,12.793,,6.394,,3.195,,1.596,,0.636,,0.316,,0.156,,0.06,,0.028,,0.011,,0.002,0.002,0.002
421,519.222,320.365,,106.786,,53.391,,26.694,,12.811,,6.404,,3.2,,1.598,,0.637,,0.317,,0.156,,0.06,,0.028,,0.011,,0.002,0.002,0.002
422,519.97,320.826,,106.94,,53.468,,26.732,,12.83,,6.413,,3.205,,1.6,,0.638,,0.317,,0.157,,0.06,,0.028,,0.011,,0.002,0.002,0.002
423,520.718,321.288,,107.093,,53.545,,26.771,,12.848,,6.422,,3.209,,1.603,,0.639,,0.318,,0.157,,0.06,,0.028,,0.011,,0.002,0.002,0.002
424,521.466,321.749,,107.247,,53.622,,26.809,,12.866,,6.431,,3.214,,1.605,,0.64,,0.318,,0.157,,0.061,,0.028,,0.011,,0.002,0.002,0.002
425,522.214,322.211,,107.401,,53.699,,26.848,,12.885,,6.441,,3.219,,1.607,,0.641,,0.319,,0.157,,0.061,,0.028,,0.011,,0.003,0.002,0.002
426,522.962,322.672,,107.555,,53.776,,26.886,,12.903,,6.45,,3.223,,1.61,,0.642,,0.319,,0.158,,0.061,,0.028,,0.012,,0.003,0.002,0.002
427,523.71,323.134,,107.709,,53.853,,26.925,,12.922,,6.459,,3.228,,1.612,,0.643,,0.319,,0.158,,0.061,,0.028,,0.012,,0.003,0.002,0.002
428,524.458,323.595,,107.863,,53.93,,26.963,,12.94,,6.468,,3.232,,1.614,,0.644,,0.32,,0.158,,0.061,,0.028,,0.012,,0.003,0.002,0.002
429,525.206,324.057,,108.017,,54.007,,27.001,,12.959,,6.478,,3.237,,1.617,,0.645,,0.32,,0.158,,0.061,,0.028,,0.012,,0.003,0.002,0.002
430,525.954,324.518,,108.17,,54.083,,27.04,,12.977,,6.487,,3.242,,1.619,,0.645,,0.321,,0.159,,0.061,,0.028,,0.012,,0.003,0.002,0.002
431,526.702,324.98,,108.324,,54.16,,27.078,,12.996,,6.496,,3.246,,1.621,,0.646,,0.321,,0.159,,0.061,,0.029,,0.012,,0.003,0.002,0.002
432,527.45,325.442,,108.478,,54.237,,27.117,,13.014,,6.505,,3.251,,1.624,,0.647,,0.322,,0.159,,0.061,,0.029,,0.012,,0.003,0.002,0.002
433,528.198,325.903,,108.632,,54.314,,27.155,,13.033,,6.515,,3.256,,1.626,,0.648,,0.322,,0.159,,0.061,,0.029,,0.012,,0.003,0.002,0.002
434,528.947,326.365,,108.786,,54.391,,27.194,,13.051,,6.524,,3.26,,1.628,,0.649,,0.323,,0.16,,0.062,,0.029,,0.012,,0.003,0.002,0.002
435,529.695,326.826,,108.94,,54.468,,27.232,,13.07,,6.533,,3.265,,1.631,,0.65,,0.323,,0.16,,0.062,,0.029,,0.012,,0.003,0.002,0.002
436,530.443,327.288,,109.094,,54.545,,27.271,,13.088,,6.542,,3.269,,1.633,,0.651,,0.324,,0.16,,0.062,,0.029,,0.012,,0.003,0.002,0.002
437,531.191,327.749,,109.247,,54.622,,27.309,,13.107,,6.552,,3.274,,1.635,,0.652,,0.324,,0.16,,0.062,,0.029,,0.012,,0.003,0.002,0.002
438,531.939,328.211,,109.401,,54.699,,27.348,,13.125,,6.561,,3.279,,1.638,,0.653,,0.325,,0.161,,0.062,,0.029,,0.012,,0.003,0.002,0.002
439,532.687,328.672,,109.555,,54.776,,27.386,,13.144,,6.57,,3.283,,1.64,,0.654,,0.325,,0.161,,0.062,,0.029,,0.012,,0.003,0.002,0.002
440,533.435,329.134,,109.709,,54.853,,27.425,,13.162,,6.579,,3.288,,1.642,,0.655,,0.326,,0.161,,0.062,,0.029,,0.012,,0.003,0.002,0.002
441,534.183,329.595,,109.863,,54.93,,27.463,,13.181,,6.589,,3.293,,1.645,,0.656,,0.326,,0.161,,0.062,,0.029,,0.012,,0.003,0.002,0.002
442,534.931,330.057,,110.017,,55.007,,27.502,,13.199,,6.598,,3.297,,1.647,,0.657,,0.327,,0.162,,0.062,,0.029,,0.012,,0.003,0.002,0.002
443,535.679,330.518,,110.171,,55.084,,27.54,,13.217,,6.607,,3.302,,1.649,,0.658,,0.327,,0.162,,0.063,,0.029,,0.012,,0.003,0.002,0.002
444,536.427,330.98,,110.324,,55.161,,27.579,,13.236,,6.616,,3.306,,1.652,,0.659,,0.328,,0.162,,0.063,,0.029,,0.012,,0.003,0.002,0.002
445,537.175,331.442,,110.478,,55.237,,27.617,,13.254,,6.626,,3.311,,1.654,,0.66,,0.328,,0.162,,0.063,,0.029,,0.012,,0.003,0.002,0.002
446,537.923,331.903,,110.632,,55.314,,27.656,,13.273,,6.635,,3.316,,1.656,,0.66,,0.329,,0.163,,0.063,,0.03,,0.013,,0.004,0.002,0.002
447,538.671,332.365,,110.786,,55.391,,27.694,,13.291,,6.644,,3.32,,1.659,,0.661,,0.329,,0.163,,0.063,,0.03,,0.013,,0.004,0.002,0.002
448,539.419,332.826,,110.94,,55.468,,27.732,,13.31,,6.653,,3.325,,1.661,,0.662,,0.329,,0.163,,0.063,,0.03,,0.013,,0.004,0.002,0.002
449,540.167,333.288,,111.094,,55.545,,27.771,,13.328,,6.663,,3.33,,1.663,,0.663,,0.33,,0.163,,0.063,,0.03,,0.013,,0.004,0.002,0.002
450,540.915,333.749,,111.248,,55.622,,27.809,,13.347,,6.672,,3.334,,1.665,,0.664,,0.33,,0.164,,0.063,,0.03,,0.013,,0.004,0.002,0.002
451,541.663,334.211,,111.401,,55.699,,27.848,,13.365,,6.681,,3.339,,1.668,,0.665,,0.331,,0.164,,0.063,,0.03,,0.013,,0.004,0.002,0.002
452,542.411,334.672,,111.555,,55.776,,27.886,,13.384,,6.69,,3.343,,1.67,,0.666,,0.331,,0.164,,0.064,,0.03,,0.013,,0.004,0.002,0.002
453,543.159,335.134,,111.709,,55.853,,27.925,,13.402,,6.699,,3.348,,1.672,,0.667,,0.332,,0.164,,0.064,,0.03,,0.013,,0.004,0.002,0.002
454,543.907,335.595,,111.863,,55.93,,27.963,,13.421,,6.709,,3.353,,1.675,,0.668,,0.332,,0.165,,0.064,,0.03,,0.013,,0.004,0.002,0.002
455,544.655,336.057,,112.017,,56.007,,28.002,,13.439,,6.718,,3.357,,1.677,,0.669,,0.333,,0.165,,0.064,,0.03,,0.013,,0.004,0.002,0.002
456,545.403,336.518,,112.171,,56.084,,28.04,,13.458,,6.727,,3.362,,1.679,,0.67,,0.333,,0.165,,0.064,,0.03,,0.013,,0.004,0.002,0.002
457,546.151,336.98,,112.325,,56.161,,28.079,,13.476,,6.736,,3.367,,1.682,,0.671,,0.334,,0.165,,0.064,,0.03,,0.013,,0.004,0.002,0.002
458,546.899,337.442,,112.478,,56.238,,28.117,,13.495,,6.746,,3.371,,1.684,,0.672,,0.334,,0.165,,0.064,,0.03,,0.013,,0.004,0.002,0.002
459,547.647,337.903,,112.632,,56.315,,28.156,,13.513,,6.755,,3.376,,1.686,,0.673,,0.335,,0.166,,0.064,,0.03,,0.013,,0.004,0.002,0.002
460,548.395,338.365,,112.786,,56.391,,28.194,,13.532,,6.764,,3.381,,1.689,,0.674,,0.335,,0.166,,0.064,,0.03,,0.013,,0.004,0.002,0.002
461,549.143,338.826,,112.94,,56.468,,28.233,,13.55,,6.773,,3.385,,1.691,,0.675,,0.336,,0.166,,0.064,,0.03,,0.013,,0.004,0.002,0.002
462,549.891,339.288,,113.094,,56.545,,28.271,,13.568,,6.783,,3.39,,1.693,,0.675,,0.336,,0.166,,0.065,,0.031,,0.013,,0.004,0.002,0.002
463,550.639,339.749,,113.248,,56.622,,28.31,,13.587,,6.792,,3.394,,1.696,,0.676,,0.337,,0.167,,0.065,,0.031,,0.013,,0.004,0.002,0.002
464,551.387,340.211,,113.402,,56.699,,28.348,,13.605,,6.801,,3.399,,1.698,,0.677,,0.337,,0.167,,0.065,,0.031,,0.013,,0.004,0.002,0.002
465,552.135,340.672,,113.555,,56.776,,28.387,,13.624,,6.81,,3.404,,1.7,,0.678,,0.338,,0.167,,0.065,,0.031,,0.013,,0.004,0.002,0.002
466,552.883,341.134,,113.709,,56.853,,28.425,,13.642,,6.82,,3.408,,1.703,,0.679,,0.338,,0.167,,0.065,,0.031,,0.013,,0.004,0.002,0.002
467,553.631,341.595,,113.863,,56.93,,28.463,,13.661,,6.829,,3.413,,1.705,,0.68,,0.339,,0.168,,0.065,,0.031,,0.013,,0.004,0.002,0.002
468,554.379,342.057,,114.017,,57.007,,28.502,,13.679,,6.838,,3.418,,1.707,,0.681,,0.339,,0.168,,0.065,,0.031,,0.014,,0.004,0.002,0.002
469,555.127,342.518,,114.171,,57.084,,28.54,,13.698,,6.847,,3.422,,1.71,,0.682,,0.339,,0.168,,0.065,,0.031,,0.014,,0.005,0.002,0.002
470,555.875,342.98,,114.325,,57.161,,28.579,,13.716,,6.857,,3.427,,1.712,,0.683,,0.34,,0.168,,0.065,,0.031,,0.014,,0.005,0.002,0.002
471,556.623,343.442,,114.478,,57.238,,28.617,,13.735,,6.866,,3.431,,1.714,,0.684,,0.34,,0.169,,0.066,,0.031,,0.014,,0.005,0.002,0.002
472,557.371,343.903,,114.632,,57.315,,28.656,,13.753,,6.875,,3.436,,1.717,,0.685,,0.341,,0.169,,0.066,,0.031,,0.014,,0.005,0.002,0.002
473,558.119,344.365,,114.786,,57.392,,28.694,,13.772,,6.884,,3.441,,1.719,,0.686,,0.341,,0.169,,0.066,,0.031,,0.014,,0.005,0.002,0.002
474,558.867,344.826,,114.94,,57.469,,28.733,,13.79,,6.894,,3.445,,1.721,,0.687,,0.342,,0.169,,0.066,,0.031,,0.014,,0.005,0.002,0.002
475,559.615,345.288,,115.094,,57.545,,28.771,,13.809,,6.903,,3.45,,1.723,,0.688,,0.342,,0.17,,0.066,,0.031,,0.014,,0.005,0.002,0.002
476,560.363,345.749,,115.248,,57.622,,28.81,,13.827,,6.912,,3.455,,1.726,,0.689,,0.343,,0.17,,0.066,,0.031,,0.014,,0.005,0.002,0.002
477,561.111,346.211,,115.402,,57.699,,28.848,,13.846,,6.921,,3.459,,1.728,,0.689,,0.343,,0.17,,0.066,,0.031,,0.014,,0.005,0.003,0.002
478,561.859,346.672,,115.555,,57.776,,28.887,,13.864,,6.931,,3.464,,1.73,,0.69,,0.344,,0.17,,0.066,,0.032,,0.014,,0.005,0.003,0.002
479,562.607,347.134,,115.709,,57.853,,28.925,,13.883,,6.94,,3.468,,1.733,,0.691,,0.344,,0.171,,0.066,,0.032,,0.014,,0.005,0.003,0.002
480,563.355,347.595,,115.863,,57.93,,28.964,,13.901,,6.949,,3.473,,1.735,,0.692,,0.345,,0.171,,0.067,,0.032,,0.014,,0.005,0.003,0.002
481,564.103,348.057,,116.017,,58.007,,29.002,,13.919,,6.958,,3.478,,1.737,,0.693,,0.345,,0.171,,0.067,,0.032,,0.014,,0.005,0.003,0.002
482,564.851,348.518,,116.171,,58.084,,29.041,,13.938,,6.968,,3.482,,1.74,,0.694,,0.346,,0.171,,0.067,,0.032,,0.014,,0.005,0.003,0.002
483,565.599,348.98,,116.325,,58.161,,29.079,,13.956,,6.977,,3.487,,1.742,,0.695,,0.346,,0.172,,0.067,,0.032,,0.014,,0.005,0.003,0.002
484,566.347,349.442,,116.479,,58.238,,29.117,,13.975,,6.986,,3.492,,1.744,,0.696,,0.347,,0.172,,0.067,,0.032,,0.014,,0.005,0.003,0.002
485,567.095,349.903,,116.632,,58.315,,29.156,,13.993,,6.995,,3.496,,1.747,,0.697,,0.347,,0.172,,0.067,,0.032,,0.014,,0.005,0.003,0.002
486,567.843,350.365,,116.786,,58.392,,29.194,,14.012,,7.004,,3.501,,1.749,,0.698,,0.347,,0.172,,0.067,,0.032,,0.014,,0.005,0.003,0.002
487,568.591,350.826,,116.94,,58.469,,29.233,,14.03,,7.014,,3.505,,1.751,,0.699,,0.348,,0.173,,0.067,,0.032,,0.014,,0.005,0.003,0.002
488,569.339,351.288,,117.094,,58.546,,29.271,,14.049,,7.023,,3.51,,1.754,,0.7,,0.348,,0.173,,0.067,,0.032,,0.014,,0.005,0.003,0.002
489,570.087,351.749,,117.248,,58.623,,29.31,,14.067,,7.032,,3.515,,1.756,,0.701,,0.349,,0.173,,0.067,,0.032,,0.014,,0.005,0.003,0.002
490,570.835,352.211,,117.402,,58.699,,29.348,,14.086,,7.041,,3.519,,1.758,,0.702,,0.349,,0.173,,0.068,,0.032,,0.014,,0.005,0.003,0.002
491,571.583,352.672,,117.556,,58.776,,29.387,,14.104,,7.051,,3.524,,1.761,,0.703,,0.35,,0.174,,0.068,,0.032,,0.014,,0.005,0.003,0.002
492,572.331,353.134,,117.709,,58.853,,29.425,,14.123,,7.06,,3.529,,1.763,,0.703,,0.35,,0.174,,0.068,,0.032,,0.014,,0.005,0.003,0.002
493,573.079,353.595,,117.863,,58.93,,29.464,,14.141,,7.069,,3.533,,1.765,,0.704,,0.351,,0.174,,0.068,,0.032,,0.015,,0.005,0.003,0.002
494,573.827,354.057,,118.017,,59.007,,29.502,,14.16,,7.078,,3.538,,1.768,,0.705,,0.351,,0.174,,0.068,,0.032,,0.015,,0.005,0.003,0.002
495,574.575,354.518,,118.171,,59.084,,29.541,,14.178,,7.088,,3.542,,1.77,,0.706,,0.352,,0.174,,0.068,,0.033,,0.015,,0.005,0.003,0.002
496,575.323,354.98,,118.325,,59.161,,29.579,,14.197,,7.097,,3.547,,1.772,,0.707,,0.352,,0.175,,0.068,,0.033,,0.015,,0.005,0.003,0.002
497,576.071,355.442,,118.479,,59.238,,29.618,,14.215,,7.106,,3.552,,1.774,,0.708,,0.353,,0.175,,0.068,,0.033,,0.015,,0.006,0.003,0.002
498,576.819,355.903,,118.633,,59.315,,29.656,,14.234,,7.115,,3.556,,1.777,,0.709,,0.353,,0.175,,0.068,,0.033,,0.015,,0.006,0.003,0.002
499,577.567,356.365,,118.786,,59.392,,29.695,,14.252,,7.125,,3.561,,1.779,,0.71,,0.354,,0.175,,0.068,,0.033,,0.015,,0.006,0.003,0.002
500,578.315,356.826,,118.94,,59.469,,29.733,,14.27,,7.134,,3.566,,1.781,,0.711,,0.354,,0.176,,0.069,,0.033,,0.015,,0.006,0.003,0.002
501,579.063,357.288,,119.094,,59.546,,29.772,,14.289,,7.143,,3.57,,1.784,,0.712,,0.355,,0.176,,0.069,,0.033,,0.015,,0.006,0.003,0.002
502,579.812,357.749,,119.248,,59.623,,29.81,,14.307,,7.152,,3.575,,1.786,,0.713,,0.355,,0.176,,0.069,,0.033,,0.015,,0.006,0.003,0.002
503,580.56,358.211,,119.402,,59.7,,29.848,,14.326,,7.162,,3.579,,1.788,,0.714,,0.356,,0.176,,0.069,,0.033,,0.015,,0.006,0.003,0.002
504,581.308,358.672,,119.556,,59.776,,29.887,,14.344,,7.171,,3.584,,1.791,,0.715,,0.356,,0.177,,0.069,,0.033,,0.015,,0.006,0.003,0.002
505,582.056,359.134,,119.709,,59.853,,29.925,,14.363,,7.18,,3.589,,1.793,,0.716,,0.356,,0.177,,0.069,,0.033,,0.015,,0.006,0.003,0.002
506,582.804,359.595,,119.863,,59.93,,29.964,,14.381,,7.189,,3.593,,1.795,,0.717,,0.357,,0.177,,0.069,,0.033,,0.015,,0.006,0.003,0.002
507,583.552,360.057,,120.017,,60.007,,30.002,,14.4,,7.199,,3.598,,1.798,,0.717,,0.357,,0.177,,0.069,,0.033,,0.015,,0.006,0.003,0.002
508,584.3,360.518,,120.171,,60.084,,30.041,,14.418,,7.208,,3.603,,1.8,,0.718,,0.358,,0.178,,0.069,,0.033,,0.015,,0.006,0.003,0.002
509,585.048,360.98,,120.325,,60.161,,30.079,,14.437,,7.217,,3.607,,1.802,,0.719,,0.358,,0.178,,0.07,,0.033,,0.015,,0.006,0.003,0.002
510,585.796,361.441,,120.479,,60.238,,30.118,,14.455,,7.226,,3.612,,1.805,,0.72,,0.359,,0.178,,0.07,,0.033,,0.015,,0.006,0.003,0.002
511,586.544,361.903,,120.633,,60.315,,30.156,,14.474,,7.236,,3.616,,1.807,,0.721,,0.359,,0.178,,0.07,,0.033,,0.015,,0.006,0.003,0.002
512,587.292,362.365,,120.786,,60.392,,30.195,,14.492,,7.245,,3.621,,1.809,,0.722,,0.36,,0.179,,0.07,,0.034,,0.015,,0.006,0.003,0.002
513,588.04,362.826,,120.94,,60.469,,30.233,,14.511,,7.254,,3.626,,1.812,,0.723,,0.36,,0.179,,0.07,,0.034,,0.015,,0.006,0.003,0.002
514,588.788,363.288,,121.094,,60.546,,30.272,,14.529,,7.263,,3.63,,1.814,,0.724,,0.361,,0.179,,0.07,,0.034,,0.015,,0.006,0.003,0.002
515,589.536,363.749,,121.248,,60.623,,30.31,,14.548,,7.272,,3.635,,1.816,,0.725,,0.361,,0.179,,0.07,,0.034,,0.015,,0.006,0.003,0.002
516,590.284,364.211,,121.402,,60.7,,30.349,,14.566,,7.282,,3.64,,1.819,,0.726,,0.362,,0.18,,0.07,,0.034,,0.015,,0.006,0.003,0.002
517,591.032,364.672,,121.556,,60.777,,30.387,,14.584,,7.291,,3.644,,1.821,,0.727,,0.362,,0.18,,0.07,,0.034,,0.015,,0.006,0.003,0.002
518,591.78,365.134,,121.71,,60.854,,30.425,,14.603,,7.3,,3.649,,1.823,,0.728,,0.363,,0.18,,0.07,,0.034,,0.015,,0.006,0.003,0.002
519,592.528,365.595,,121.863,,60.93,,30.464,,14.621,,7.309,,3.653,,1.825,,0.729,,0.363,,0.18,,0.071,,0.034,,0.015,,0.006,0.003,0.002
520,593.276,366.057,,122.017,,61.007,,30.502,,14.64,,7.319,,3.658,,1.828,,0.73,,0.364,,0.18,,0.071,,0.034,,0.016,,0.006,0.003,0.002
521,594.024,366.518,,122.171,,61.084,,30.541,,14.658,,7.328,,3.663,,1.83,,0.731,,0.364,,0.181,,0.071,,0.034,,0.016,,0.006,0.003,0.002
522,594.772,366.98,,122.325,,61.161,,30.579,,14.677,,7.337,,3.667,,1.832,,0.731,,0.364,,0.181,,0.071,,0.034,,0.016,,0.006,0.003,0.002
523,595.52,367.441,,122.479,,61.238,,30.618,,14.695,,7.346,,3.672,,1.835,,0.732,,0.365,,0.181,,0.071,,0.034,,0.016,,0.006,0.003,0.002
524,596.268,367.903,,122.633,,61.315,,30.656,,14.714,,7.356,,3.677,,1.837,,0.733,,0.365,,0.181,,0.071,,0.034,,0.016,,0.006,0.003,0.002
525,597.016,368.365,,122.787,,61.392,,30.695,,14.732,,7.365,,3.681,,1.839,,0.734,,0.366,,0.182,,0.071,,0.034,,0.016,,0.006,0.003,0.002
526,597.764,368.826,,122.94,,61.469,,30.733,,14.751,,7.374,,3.686,,1.842,,0.735,,0.366,,0.182,,0.071,,0.034,,0.016,,0.006,0.003,0.002
527,598.512,369.288,,123.094,,61.546,,30.772,,14.769,,7.383,,3.69,,1.844,,0.736,,0.367,,0.182,,0.071,,0.034,,0.016,,0.006,0.004,0.002
528,599.26,369.749,,123.248,,61.623,,30.81,,14.788,,7.393,,3.695,,1.846,,0.737,,0.367,,0.182,,0.071,,0.034,,0.016,,0.006,0.004,0.002
529,600.008,370.211,,123.402,,61.7,,30.849,,14.806,,7.402,,3.7,,1.849,,0.738,,0.368,,0.183,,0.072,,0.034,,0.016,,0.006,0.004,0.002
530,600.756,370.672,,123.556,,61.777,,30.887,,14.825,,7.411,,3.704,,1.851,,0.739,,0.368,,0.183,,0.072,,0.035,,0.016,,0.006,0.004,0.002
531,601.504,371.134,,123.71,,61.854,,30.926,,14.843,,7.42,,3.709,,1.853,,0.74,,0.369,,0.183,,0.072,,0.035,,0.016,,0.007,0.004,0.002
532,602.252,371.595,,123.863,,61.931,,30.964,,14.862,,7.43,,3.714,,1.856,,0.741,,0.369,,0.183,,0.072,,0.035,,0.016,,0.007,0.004,0.002
533,603,372.057,,124.017,,62.007,,31.003,,14.88,,7.439,,3.718,,1.858,,0.742,,0.37,,0.184,,0.072,,0.035,,0.016,,0.007,0.004,0.002
534,603.748,372.518,,124.171,,62.084,,31.041,,14.898,,7.448,,3.723,,1.86,,0.743,,0.37,,0.184,,0.072,,0.035,,0.016,,0.007,0.004,0.002
535,604.496,372.98,,124.325,,62.161,,31.079,,14.917,,7.457,,3.727,,1.863,,0.744,,0.371,,0.184,,0.072,,0.035,,0.016,,0.007,0.004,0.002
536,605.244,373.441,,124.479,,62.238,,31.118,,14.935,,7.467,,3.732,,1.865,,0.745,,0.371,,0.184,,0.072,,0.035,,0.016,,0.007,0.004,0.002
537,605.992,373.903,,124.633,,62.315,,31.156,,14.954,,7.476,,3.737,,1.867,,0.745,,0.372,,0.185,,0.072,,0.035,,0.016,,0.007,0.004,0.002
538,606.74,374.364,,124.787,,62.392,,31.195,,14.972,,7.485,,3.741,,1.869,,0.746,,0.372,,0.185,,0.072,,0.035,,0.016,,0.007,0.004,0.002
539,607.488,374.826,,124.94,,62.469,,31.233,,14.991,,7.494,,3.746,,1.872,,0.747,,0.372,,0.185,,0.073,,0.035,,0.016,,0.007,0.004,0.002
540,608.236,375.288,,125.094,,62.546,,31.272,,15.009,,7.503,,3.751,,1.874,,0.748,,0.373,,0.185,,0.073,,0.035,,0.016,,0.007,0.004,0.002
541,608.984,375.749,,125.248,,62.623,,31.31,,15.028,,7.513,,3.755,,1.876,,0.749,,0.373,,0.186,,0.073,,0.035,,0.016,,0.007,0.004,0.002
542,609.732,376.211,,125.402,,62.7,,31.349,,15.046,,7.522,,3.76,,1.879,,0.75,,0.374,,0.186,,0.073,,0.035,,0.016,,0.007,0.004,0.002
543,610.48,376.672,,125.556,,62.777,,31.387,,15.065,,7.531,,3.764,,1.881,,0.751,,0.374,,0.186,,0.073,,0.035,,0.016,,0.007,0.004,0.002
544,611.228,377.134,,125.71,,62.854,,31.426,,15.083,,7.54,,3.769,,1.883,,0.752,,0.375,,0.186,,0.073,,0.035,,0.016,,0.007,0.004,0.002
545,611.976,377.595,,125.864,,62.931,,31.464,,15.102,,7.55,,3.774,,1.886,,0.753,,0.375,,0.186,,0.073,,0.035,,0.016,,0.007,0.004,0.002
546,612.724,378.057,,126.017,,63.008,,31.503,,15.12,,7.559,,3.778,,1.888,,0.754,,0.376,,0.187,,0.073,,0.035,,0.016,,0.007,0.004,0.002
547,613.472,378.518,,126.171,,63.084,,31.541,,15.139,,7.568,,3.783,,1.89,,0.755,,0.376,,0.187,,0.073,,0.035,,0.016,,0.007,0.004,0.002
548,614.22,378.98,,126.325,,63.161,,31.58,,15.157,,7.577,,3.788,,1.893,,0.756,,0.377,,0.187,,0.073,,0.036,,0.017,,0.007,0.004,0.002
549,614.968,379.441,,126.479,,63.238,,31.618,,15.175,,7.587,,3.792,,1.895,,0.757,,0.377,,0.187,,0.074,,0.036,,0.017,,0.007,0.004,0.002
550,615.716,379.903,,126.633,,63.315,,31.657,,15.194,,7.596,,3.797,,1.897,,0.758,,0.378,,0.188,,0.074,,0.036,,0.017,,0.007,0.004,0.002
551,616.464,380.364,,126.787,,63.392,,31.695,,15.212,,7.605,,3.801,,1.9,,0.758,,0.378,,0.188,,0.074,,0.036,,0.017,,0.007,0.004,0.002
552,617.212,380.826,,126.941,,63.469,,31.733,,15.231,,7.614,,3.806,,1.902,,0.759,,0.379,,0.188,,0.074,,0.036,,0.017,,0.007,0.004,0.002
553,617.96,381.287,,127.094,,63.546,,31.772,,15.249,,7.624,,3.811,,1.904,,0.76,,0.379,,0.188,,0.074,,0.036,,0.017,,0.007,0.004,0.002
554,618.708,381.749,,127.248,,63.623,,31.81,,15.268,,7.633,,3.815,,1.907,,0.761,,0.38,,0.189,,0.074,,0.036,,0.017,,0.007,0.004,0.002
555,619.456,382.211,,127.402,,63.7,,31.849,,15.286,,7.642,,3.82,,1.909,,0.762,,0.38,,0.189,,0.074,,0.036,,0.017,,0.007,0.004,0.002
556,620.204,382.672,,127.556,,63.777,,31.887,,15.305,,7.651,,3.825,,1.911,,0.763,,0.38,,0.189,,0.074,,0.036,,0.017,,0.007,0.004,0.002
557,620.952,383.134,,127.71,,63.854,,31.926,,15.323,,7.661,,3.829,,1.913,,0.764,,0.381,,0.189,,0.074,,0.036,,0.017,,0.007,0.004,0.002
558,621.7,383.595,,127.864,,63.931,,31.964,,15.342,,7.67,,3.834,,1.916,,0.765,,0.381,,0.19,,0.075,,0.036,,0.017,,0.007,0.004,0.002
559,622.448,384.057,,128.017,,64.008,,32.003,,15.36,,7.679,,3.838,,1.918,,0.766,,0.382,,0.19,,0.075,,0.036,,0.017,,0.007,0.004,0.002
560,623.196,384.518,,128.171,,64.085,,32.041,,15.379,,7.688,,3.843,,1.92,,0.767,,0.382,,0.19,,0.075,,0.036,,0.017,,0.007,0.004,0.002
561,623.944,384.98,,128.325,,64.162,,32.08,,15.397,,7.697,,3.848,,1.923,,0.768,,0.383,,0.19,,0.075,,0.036,,0.017,,0.007,0.004,0.002
562,624.692,385.441,,128.479,,64.238,,32.118,,15.416,,7.707,,3.852,,1.925,,0.769,,0.383,,0.191,,0.075,,0.036,,0.017,,0.007,0.004,0.002
563,625.44,385.903,,128.633,,64.315,,32.157,,15.434,,7.716,,3.857,,1.927,,0.77,,0.384,,0.191,,0.075,,0.036,,0.017,,0.007,0.004,0.002
564,626.188,386.364,,128.787,,64.392,,32.195,,15.453,,7.725,,3.862,,1.93,,0.771,,0.384,,0.191,,0.075,,0.036,,0.017,,0.007,0.004,0.002
565,626.936,386.826,,128.941,,64.469,,32.234,,15.471,,7.734,,3.866,,1.932,,0.772,,0.385,,0.191,,0.075,,0.036,,0.017,,0.007,0.004,0.002
566,627.684,387.287,,129.094,,64.546,,32.272,,15.489,,7.744,,3.871,,1.934,,0.772,,0.385,,0.192,,0.075,,0.037,,0.017,,0.007,0.004,0.002
567,628.432,387.749,,129.248,,64.623,,32.31,,15.508,,7.753,,3.875,,1.937,,0.773,,0.386,,0.192,,0.075,,0.037,,0.017,,0.007,0.004,0.002
568,629.18,388.21,,129.402,,64.7,,32.349,,15.526,,7.762,,3.88,,1.939,,0.774,,0.386,,0.192,,0.076,,0.037,,0.017,,0.007,0.004,0.002
569,629.928,388.672,,129.556,,64.777,,32.387,,15.545,,7.771,,3.885,,1.941,,0.775,,0.387,,0.192,,0.076,,0.037,,0.017,,0.007,0.004,0.002
570,630.676,389.134,,129.71,,64.854,,32.426,,15.563,,7.781,,3.889,,1.944,,0.776,,0.387,,0.192,,0.076,,0.037,,0.017,,0.007,0.004,0.002
571,631.424,389.595,,129.864,,64.931,,32.464,,15.582,,7.79,,3.894,,1.946,,0.777,,0.388,,0.193,,0.076,,0.037,,0.017,,0.007,0.004,0.002
572,632.172,390.057,,130.018,,65.008,,32.503,,15.6,,7.799,,3.899,,1.948,,0.778,,0.388,,0.193,,0.076,,0.037,,0.017,,0.007,0.004,0.002
573,632.92,390.518,,130.171,,65.085,,32.541,,15.619,,7.808,,3.903,,1.951,,0.779,,0.388,,0.193,,0.076,,0.037,,0.017,,0.008,0.004,0.002
574,633.668,390.98,,130.325,,65.162,,32.58,,15.637,,7.818,,3.908,,1.953,,0.78,,0.389,,0.193,,0.076,,0.037,,0.017,,0.008,0.004,0.002
575,634.416,391.441,,130.479,,65.239,,32.618,,15.656,,7.827,,3.912,,1.955,,0.781,,0.389,,0.194,,0.076,,0.037,,0.017,,0.008,0.004,0.002
576,635.164,391.903,,130.633,,65.315,,32.657,,15.674,,7.836,,3.917,,1.957,,0.782,,0.39,,0.194,,0.076,,0.037,,0.017,,0.008,0.004,0.002
577,635.912,392.364,,130.787,,65.392,,32.695,,15.693,,7.845,,3.922,,1.96,,0.783,,0.39,,0.194,,0.076,,0.037,,0.017,,0.008,0.004,0.002
578,636.66,392.826,,130.941,,65.469,,32.734,,15.711,,7.855,,3.926,,1.962,,0.784,,0.391,,0.194,,0.077,,0.037,,0.017,,0.008,0.004,0.002
579,637.408,393.287,,131.094,,65.546,,32.772,,15.73,,7.864,,3.931,,1.964,,0.785,,0.391,,0.195,,0.077,,0.037,,0.018,,0.008,0.004,0.002
580,638.156,393.749,,131.248,,65.623,,32.811,,15.748,,7.873,,3.936,,1.967,,0.785,,0.392,,0.195,,0.077,,0.037,,0.018,,0.008,0.004,0.002
581,638.904,394.21,,131.402,,65.7,,32.849,,15.766,,7.882,,3.94,,1.969,,0.786,,0.392,,0.195,,0.077,,0.037,,0.018,,0.008,0.005,0.003
582,639.652,394.672,,131.556,,65.777,,32.888,,15.785,,7.891,,3.945,,1.971,,0.787,,0.393,,0.195,,0.077,,0.037,,0.018,,0.008,0.005,0.003
583,640.4,395.134,,131.71,,65.854,,32.926,,15.803,,7.901,,3.949,,1.974,,0.788,,0.393,,0.196,,0.077,,0.037,,0.018,,0.008,0.005,0.003
584,641.148,395.595,,131.864,,65.931,,32.964,,15.822,,7.91,,3.954,,1.976,,0.789,,0.394,,0.196,,0.077,,0.038,,0.018,,0.008,0.005,0.003
585,641.896,396.057,,132.018,,66.008,,33.003,,15.84,,7.919,,3.959,,1.978,,0.79,,0.394,,0.196,,0.077,,0.038,,0.018,,0.008,0.005,0.003
586,642.644,396.518,,132.171,,66.085,,33.041,,15.859,,7.928,,3.963,,1.981,,0.791,,0.395,,0.196,,0.077,,0.038,,0.018,,0.008,0.005,0.003
587,643.392,396.98,,132.325,,66.162,,33.08,,15.877,,7.938,,3.968,,1.983,,0.792,,0.395,,0.197,,0.077,,0.038,,0.018,,0.008,0.005,0.003
588,644.14,397.441,,132.479,,66.239,,33.118,,15.896,,7.947,,3.972,,1.985,,0.793,,0.395,,0.197,,0.078,,0.038,,0.018,,0.008,0.005,0.003
589,644.888,397.903,,132.633,,66.315,,33.157,,15.914,,7.956,,3.977,,1.988,,0.794,,0.396,,0.197,,0.078,,0.038,,0.018,,0.008,0.005,0.003
590,645.636,398.364,,132.787,,66.392,,33.195,,15.933,,7.965,,3.982,,1.99,,0.795,,0.396,,0.197,,0.078,,0.038,,0.018,,0.008,0.005,0.003
591,646.384,398.826,,132.941,,66.469,,33.234,,15.951,,7.975,,3.986,,1.992,,0.796,,0.397,,0.197,,0.078,,0.038,,0.018,,0.008,0.005,0.003
592,647.133,399.287,,133.094,,66.546,,33.272,,15.97,,7.984,,3.991,,1.995,,0.797,,0.397,,0.198,,0.078,,0.038,,0.018,,0.008,0.005,0.003
593,647.881,399.749,,133.248,,66.623,,33.311,,15.988,,7.993,,3.996,,1.997,,0.798,,0.398,,0.198,,0.078,,0.038,,0.018,,0.008,0.005,0.003
594,648.629,400.21,,133.402,,66.7,,33.349,,16.007,,8.002,,4,,1.999,,0.799,,0.398,,0.198,,0.078,,0.038,,0.018,,0.008,0.005,0.003
595,649.377,400.672,,133.556,,66.777,,33.388,,16.025,,8.012,,4.005,,2.001,,0.799,,0.399,,0.198,,0.078,,0.038,,0.018,,0.008,0.005,0.003
596,650.125,401.133,,133.71,,66.854,,33.426,,16.044,,8.021,,4.009,,2.004,,0.8,,0.399,,0.199,,0.078,,0.038,,0.018,,0.008,0.005,0.003
597,650.873,401.595,,133.864,,66.931,,33.465,,16.062,,8.03,,4.014,,2.006,,0.801,,0.4,,0.199,,0.078,,0.038,,0.018,,0.008,0.005,0.003
598,651.621,402.056,,134.018,,67.008,,33.503,,16.08,,8.039,,4.019,,2.008,,0.802,,0.4,,0.199,,0.079,,0.038,,0.018,,0.008,0.005,0.003
599,652.369,402.518,,134.171,,67.085,,33.541,,16.099,,8.049,,4.023,,2.011,,0.803,,0.401,,0.199,,0.079,,0.038,,0.018,,0.008,0.005,0.003
600,653.117,402.98,,134.325,,67.162,,33.58,,16.117,,8.058,,4.028,,2.013,,0.804,,0.401,,0.2,,0.079,,0.038,,0.018,,0.008,0.005,0.003
601,653.865,403.441,,134.479,,67.239,,33.618,,16.136,,8.067,,4.033,,2.015,,0.805,,0.402,,0.2,,0.079,,0.038,,0.018,,0.008,0.005,0.003
602,654.613,403.903,,134.633,,67.316,,33.657,,16.154,,8.076,,4.037,,2.018,,0.806,,0.402,,0.2,,0.079,,0.038,,0.018,,0.008,0.005,0.003
603,655.361,404.364,,134.787,,67.392,,33.695,,16.173,,8.085,,4.042,,2.02,,0.807,,0.403,,0.2,,0.079,,0.039,,0.018,,0.008,0.005,0.003
604,656.109,404.826,,134.941,,67.469,,33.734,,16.191,,8.095,,4.046,,2.022,,0.808,,0.403,,0.201,,0.079,,0.039,,0.018,,0.008,0.005,0.003
605,656.857,405.287,,135.095,,67.546,,33.772,,16.21,,8.104,,4.051,,2.025,,0.809,,0.403,,0.201,,0.079,,0.039,,0.018,,0.008,0.005,0.003
606,657.605,405.749,,135.248,,67.623,,33.811,,16.228,,8.113,,4.056,,2.027,,0.81,,0.404,,0.201,,0.079,,0.039,,0.018,,0.008,0.005,0.003
607,658.353,406.21,,135.402,,67.7,,33.849,,16.247,,8.122,,4.06,,2.029,,0.811,,0.404,,0.201,,0.079,,0.039,,0.018,,0.008,0.005,0.003
608,659.101,406.672,,135.556,,67.777,,33.888,,16.265,,8.132,,4.065,,2.032,,0.812,,0.405,,0.202,,0.079,,0.039,,0.018,,0.008,0.005,0.003
609,659.849,407.133,,135.71,,67.854,,33.926,,16.284,,8.141,,4.07,,2.034,,0.812,,0.405,,0.202,,0.08,,0.039,,0.018,,0.008,0.005,0.003
610,660.597,407.595,,135.864,,67.931,,33.965,,16.302,,8.15,,4.074,,2.036,,0.813,,0.406,,0.202,,0.08,,0.039,,0.018,,0.008,0.005,0.003
611,661.345,408.056,,136.018,,68.008,,34.003,,16.321,,8.159,,4.079,,2.038,,0.814,,0.406,,0.202,,0.08,,0.039,,0.019,,0.008,0.005,0.003
612,662.093,408.518,,136.171,,68.085,,34.042,,16.339,,8.169,,4.083,,2.041,,0.815,,0.407,,0.202,,0.08,,0.039,,0.019,,0.008,0.005,0.003
613,662.841,408.979,,136.325,,68.162,,34.08,,16.357,,8.178,,4.088,,2.043,,0.816,,0.407,,0.203,,0.08,,0.039,,0.019,,0.008,0.005,0.003
614,663.589,409.441,,136.479,,68.239,,34.118,,16.376,,8.187,,4.093,,2.045,,0.817,,0.408,,0.203,,0.08,,0.039,,0.019,,0.008,0.005,0.003
615,664.337,409.903,,136.633,,68.316,,34.157,,16.394,,8.196,,4.097,,2.048,,0.818,,0.408,,0.203,,0.08,,0.039,,0.019,,0.008,0.005,0.003
616,665.085,410.364,,136.787,,68.393,,34.195,,16.413,,8.206,,4.102,,2.05,,0.819,,0.409,,0.203,,0.08,,0.039,,0.019,,0.008,0.005,0.003
617,665.833,410.826,,136.941,,68.469,,34.234,,16.431,,8.215,,4.107,,2.052,,0.82,,0.409,,0.204,,0.08,,0.039,,0.019,,0.008,0.005,0.003
618,666.581,411.287,,137.095,,68.546,,34.272,,16.45,,8.224,,4.111,,2.055,,0.821,,0.41,,0.204,,0.08,,0.039,,0.019,,0.008,0.005,0.003
619,667.329,411.749,,137.248,,68.623,,34.311,,16.468,,8.233,,4.116,,2.057,,0.822,,0.41,,0.204,,0.081,,0.039,,0.019,,0.008,0.005,0.003
620,668.077,412.21,,137.402,,68.7,,34.349,,16.487,,8.243,,4.12,,2.059,,0.823,,0.41,,0.204,,0.081,,0.039,,0.019,,0.008,0.005,0.003
621,668.825,412.672,,137.556,,68.777,,34.388,,16.505,,8.252,,4.125,,2.062,,0.824,,0.411,,0.205,,0.081,,0.039,,0.019,,0.009,0.005,0.003
622,669.573,413.133,,137.71,,68.854,,34.426,,16.524,,8.261,,4.13,,2.064,,0.825,,0.411,,0.205,,0.081,,0.04,,0.019,,0.009,0.005,0.003
623,670.321,413.595,,137.864,,68.931,,34.465,,16.542,,8.27,,4.134,,2.066,,0.825,,0.412,,0.205,,0.081,,0.04,,0.019,,0.009,0.005,0.003
624,671.069,414.056,,138.018,,69.008,,34.503,,16.561,,8.279,,4.139,,2.069,,0.826,,0.412,,0.205,,0.081,,0.04,,0.019,,0.009,0.005,0.003
625,671.817,414.518,,138.171,,69.085,,34.542,,16.579,,8.289,,4.143,,2.071,,0.827,,0.413,,0.206,,0.081,,0.04,,0.019,,0.009,0.005,0.003
626,672.565,414.979,,138.325,,69.162,,34.58,,16.598,,8.298,,4.148,,2.073,,0.828,,0.413,,0.206,,0.081,,0.04,,0.019,,0.009,0.005,0.003
627,673.313,415.441,,138.479,,69.239,,34.619,,16.616,,8.307,,4.153,,2.076,,0.829,,0.414,,0.206,,0.081,,0.04,,0.019,,0.009,0.005,0.003
628,674.061,415.902,,138.633,,69.316,,34.657,,16.634,,8.316,,4.157,,2.078,,0.83,,0.414,,0.206,,0.081,,0.04,,0.019,,0.009,0.005,0.003
629,674.809,416.364,,138.787,,69.393,,34.695,,16.653,,8.326,,4.162,,2.08,,0.831,,0.415,,0.206,,0.082,,0.04,,0.019,,0.009,0.005,0.003
630,675.557,416.826,,138.941,,69.47,,34.734,,16.671,,8.335,,4.167,,2.082,,0.832,,0.415,,0.207,,0.082,,0.04,,0.019,,0.009,0.005,0.003
631,676.305,417.287,,139.095,,69.546,,34.772,,16.69,,8.344,,4.171,,2.085,,0.833,,0.416,,0.207,,0.082,,0.04,,0.019,,0.009,0.005,0.003
632,677.053,417.749,,139.248,,69.623,,34.811,,16.708,,8.353,,4.176,,2.087,,0.834,,0.416,,0.207,,0.082,,0.04,,0.019,,0.009,0.005,0.003
633,677.801,418.21,,139.402,,69.7,,34.849,,16.727,,8.363,,4.18,,2.089,,0.835,,0.417,,0.207,,0.082,,0.04,,0.019,,0.009,0.005,0.003
634,678.549,418.672,,139.556,,69.777,,34.888,,16.745,,8.372,,4.185,,2.092,,0.836,,0.417,,0.208,,0.082,,0.04,,0.019,,0.009,0.005,0.003
635,679.297,419.133,,139.71,,69.854,,34.926,,16.764,,8.381,,4.19,,2.094,,0.837,,0.417,,0.208,,0.082,,0.04,,0.019,,0.009,0.005,0.003
636,680.045,419.595,,139.864,,69.931,,34.965,,16.782,,8.39,,4.194,,2.096,,0.838,,0.418,,0.208,,0.082,,0.04,,0.019,,0.009,0.005,0.003
637,680.793,420.056,,140.018,,70.008,,35.003,,16.801,,8.4,,4.199,,2.099,,0.838,,0.418,,0.208,,0.082,,0.04,,0.019,,0.009,0.005,0.003
638,681.541,420.518,,140.172,,70.085,,35.042,,16.819,,8.409,,4.204,,2.101,,0.839,,0.419,,0.209,,0.082,,0.04,,0.019,,0.009,0.005,0.003
639,682.289,420.979,,140.325,,70.162,,35.08,,16.838,,8.418,,4.208,,2.103,,0.84,,0.419,,0.209,,0.083,,0.04,,0.019,,0.009,0.005,0.003
640,683.037,421.441,,140.479,,70.239,,35.119,,16.856,,8.427,,4.213,,2.106,,0.841,,0.42,,0.209,,0.083,,0.04,,0.019,,0.009,0.005,0.003
641,683.785,421.902,,140.633,,70.316,,35.157,,16.875,,8.436,,4.217,,2.108,,0.842,,0.42,,0.209,,0.083,,0.041,,0.019,,0.009,0.005,0.003
642,684.533,422.364,,140.787,,70.393,,35.196,,16.893,,8.446,,4.222,,2.11,,0.843,,0.421,,0.21,,0.083,,0.041,,0.019,,0.009,0.005,0.003
643,685.281,422.825,,140.941,,70.47,,35.234,,16.911,,8.455,,4.227,,2.113,,0.844,,0.421,,0.21,,0.083,,0.041,,0.019,,0.009,0.005,0.003
644,686.029,423.287,,141.095,,70.547,,35.272,,16.93,,8.464,,4.231,,2.115,,0.845,,0.422,,0.21,,0.083,,0.041,,0.02,,0.009,0.006,0.003
645,686.777,423.749,,141.248,,70.623,,35.311,,16.948,,8.473,,4.236,,2.117,,0.846,,0.422,,0.21,,0.083,,0.041,,0.02,,0.009,0.006,0.003
646,687.525,424.21,,141.402,,70.7,,35.349,,16.967,,8.483,,4.241,,2.119,,0.847,,0.423,,0.211,,0.083,,0.041,,0.02,,0.009,0.006,0.003
647,688.273,424.672,,141.556,,70.777,,35.388,,16.985,,8.492,,4.245,,2.122,,0.848,,0.423,,0.211,,0.083,,0.041,,0.02,,0.009,0.006,0.003
648,689.021,425.133,,141.71,,70.854,,35.426,,17.004,,8.501,,4.25,,2.124,,0.849,,0.424,,0.211,,0.083,,0.041,,0.02,,0.009,0.006,0.003
649,689.769,425.595,,141.864,,70.931,,35.465,,17.022,,8.51,,4.254,,2.126,,0.85,,0.424,,0.211,,0.084,,0.041,,0.02,,0.009,0.006,0.003
650,690.517,426.056,,142.018,,71.008,,35.503,,17.041,,8.52,,4.259,,2.129,,0.851,,0.424,,0.211,,0.084,,0.041,,0.02,,0.009,0.006,0.003
651,691.265,426.518,,142.172,,71.085,,35.542,,17.059,,8.529,,4.264,,2.131,,0.851,,0.425,,0.212,,0.084,,0.041,,0.02,,0.009,0.006,0.003
652,692.013,426.979,,142.325,,71.162,,35.58,,17.078,,8.538,,4.268,,2.133,,0.852,,0.425,,0.212,,0.084,,0.041,,0.02,,0.009,0.006,0.003
653,692.761,427.441,,142.479,,71.239,,35.619,,17.096,,8.547,,4.273,,2.136,,0.853,,0.426,,0.212,,0.084,,0.041,,0.02,,0.009,0.006,0.003
654,693.509,427.902,,142.633,,71.316,,35.657,,17.115,,8.557,,4.278,,2.138,,0.854,,0.426,,0.212,,0.084,,0.041,,0.02,,0.009,0.006,0.003
655,694.257,428.364,,142.787,,71.393,,35.696,,17.133,,8.566,,4.282,,2.14,,0.855,,0.427,,0.213,,0.084,,0.041,,0.02,,0.009,0.006,0.003
656,695.005,428.825,,142.941,,71.47,,35.734,,17.152,,8.575,,4.287,,2.143,,0.856,,0.427,,0.213,,0.084,,0.041,,0.02,,0.009,0.006,0.003
657,695.753,429.287,,143.095,,71.547,,35.773,,17.17,,8.584,,4.291,,2.145,,0.857,,0.428,,0.213,,0.084,,0.041,,0.02,,0.009,0.006,0.003
658,696.501,429.748,,143.248,,71.623,,35.811,,17.188,,8.593,,4.296,,2.147,,0.858,,0.428,,0.213,,0.084,,0.041,,0.02,,0.009,0.006,0.003
659,697.249,430.21,,143.402,,71.7,,35.849,,17.207,,8.603,,4.301,,2.15,,0.859,,0.429,,0.214,,0.085,,0.041,,0.02,,0.009,0.006,0.003
660,697.997,430.671,,143.556,,71.777,,35.888,,17.225,,8.612,,4.305,,2.152,,0.86,,0.429,,0.214,,0.085,,0.042,,0.02,,0.009,0.006,0.003
661,698.745,431.133,,143.71,,71.854,,35.926,,17.244,,8.621,,4.31,,2.154,,0.861,,0.43,,0.214,,0.085,,0.042,,0.02,,0.009,0.006,0.003
662,699.493,431.595,,143.864,,71.931,,35.965,,17.262,,8.63,,4.314,,2.156,,0.862,,0.43,,0.214,,0.085,,0.042,,0.02,,0.009,0.006,0.003
663,700.241,432.056,,144.018,,72.008,,36.003,,17.281,,8.64,,4.319,,2.159,,0.863,,0.431,,0.215,,0.085,,0.042,,0.02,,0.009,0.006,0.003
664,700.989,432.518,,144.172,,72.085,,36.042,,17.299,,8.649,,4.324,,2.161,,0.864,,0.431,,0.215,,0.085,,0.042,,0.02,,0.009,0.006,0.003
665,701.737,432.979,,144.325,,72.162,,36.08,,17.318,,8.658,,4.328,,2.163,,0.864,,0.432,,0.215,,0.085,,0.042,,0.02,,0.009,0.006,0.003
666,702.485,433.441,,144.479,,72.239,,36.119,,17.336,,8.667,,4.333,,2.166,,0.865,,0.432,,0.215,,0.085,,0.042,,0.02,,0.009,0.006,0.003
667,703.233,433.902,,144.633,,72.316,,36.157,,17.355,,8.677,,4.338,,2.168,,0.866,,0.432,,0.215,,0.085,,0.042,,0.02,,0.009,0.006,0.003
668,703.981,434.364,,144.787,,72.393,,36.196,,17.373,,8.686,,4.342,,2.17,,0.867,,0.433,,0.216,,0.085,,0.042,,0.02,,0.009,0.006,0.003
669,704.729,434.825,,144.941,,72.47,,36.234,,17.392,,8.695,,4.347,,2.173,,0.868,,0.433,,0.216,,0.085,,0.042,,0.02,,0.009,0.006,0.003
670,705.477,435.287,,145.095,,72.547,,36.273,,17.41,,8.704,,4.351,,2.175,,0.869,,0.434,,0.216,,0.086,,0.042,,0.02,,0.009,0.006,0.003
671,706.225,435.748,,145.248,,72.624,,36.311,,17.429,,8.714,,4.356,,2.177,,0.87,,0.434,,0.216,,0.086,,0.042,,0.02,,0.009,0.006,0.003
672,706.973,436.21,,145.402,,72.7,,36.35,,17.447,,8.723,,4.361,,2.18,,0.871,,0.435,,0.217,,0.086,,0.042,,0.02,,0.009,0.006,0.003
673,707.721,436.671,,145.556,,72.777,,36.388,,17.465,,8.732,,4.365,,2.182,,0.872,,0.435,,0.217,,0.086,,0.042,,0.02,,0.009,0.006,0.003
674,708.469,437.133,,145.71,,72.854,,36.426,,17.484,,8.741,,4.37,,2.184,,0.873,,0.436,,0.217,,0.086,,0.042,,0.02,,0.009,0.006,0.003
675,709.217,437.594,,145.864,,72.931,,36.465,,17.502,,8.75,,4.375,,2.187,,0.874,,0.436,,0.217,,0.086,,0.042,,0.02,,0.01,0.006,0.003
676,709.965,438.056,,146.018,,73.008,,36.503,,17.521,,8.76,,4.379,,2.189,,0.875,,0.437,,0.218,,0.086,,0.042,,0.02,,0.01,0.006,0.003
677,710.713,438.518,,146.172,,73.085,,36.542,,17.539,,8.769,,4.384,,2.191,,0.876,,0.437,,0.218,,0.086,,0.042,,0.02,,0.01,0.006,0.003
678,711.461,438.979,,146.325,,73.162,,36.58,,17.558,,8.778,,4.388,,2.193,,0.877,,0.438,,0.218,,0.086,,0.042,,0.021,,0.01,0.006,0.003
679,712.209,439.441,,146.479,,73.239,,36.619,,17.576,,8.787,,4.393,,2.196,,0.877,,0.438,,0.218,,0.086,,0.043,,0.021,,0.01,0.006,0.003
680,712.957,439.902,,146.633,,73.316,,36.657,,17.595,,8.797,,4.398,,2.198,,0.878,,0.439,,0.219,,0.087,,0.043,,0.021,,0.01,0.006,0.003
681,713.705,440.364,,146.787,,73.393,,36.696,,17.613,,8.806,,4.402,,2.2,,0.879,,0.439,,0.219,,0.087,,0.043,,0.021,,0.01,0.006,0.003
682,714.453,440.825,,146.941,,73.47,,36.734,,17.632,,8.815,,4.407,,2.203,,0.88,,0.439,,0.219,,0.087,,0.043,,0.021,,0.01,0.006,0.003
683,715.201,441.287,,147.095,,73.547,,36.773,,17.65,,8.824,,4.411,,2.205,,0.881,,0.44,,0.219,,0.087,,0.043,,0.021,,0.01,0.006,0.003
684,715.949,441.748,,147.248,,73.624,,36.811,,17.669,,8.834,,4.416,,2.207,,0.882,,0.44,,0.219,,0.087,,0.043,,0.021,,0.01,0.006,0.003
685,716.697,442.21,,147.402,,73.7,,36.85,,17.687,,8.843,,4.421,,2.21,,0.883,,0.441,,0.22,,0.087,,0.043,,0.021,,0.01,0.006,0.003
686,717.445,442.671,,147.556,,73.777,,36.888,,17.706,,8.852,,4.425,,2.212,,0.884,,0.441,,0.22,,0.087,,0.043,,0.021,,0.01,0.006,0.003
687,718.193,443.133,,147.71,,73.854,,36.926,,17.724,,8.861,,4.43,,2.214,,0.885,,0.442,,0.22,,0.087,,0.043,,0.021,,0.01,0.006,0.003
688,718.941,443.594,,147.864,,73.931,,36.965,,17.742,,8.871,,4.435,,2.217,,0.886,,0.442,,0.22,,0.087,,0.043,,0.021,,0.01,0.006,0.003
689,719.689,444.056,,148.018,,74.008,,37.003,,17.761,,8.88,,4.439,,2.219,,0.887,,0.443,,0.221,,0.087,,0.043,,0.021,,0.01,0.006,0.003
690,720.437,444.517,,148.172,,74.085,,37.042,,17.779,,8.889,,4.444,,2.221,,0.888,,0.443,,0.221,,0.088,,0.043,,0.021,,0.01,0.006,0.003
691,721.185,444.979,,148.325,,74.162,,37.08,,17.798,,8.898,,4.448,,2.224,,0.889,,0.444,,0.221,,0.088,,0.043,,0.021,,0.01,0.006,0.003
692,721.933,445.44,,148.479,,74.239,,37.119,,17.816,,8.907,,4.453,,2.226,,0.89,,0.444,,0.221,,0.088,,0.043,,0.021,,0.01,0.006,0.003
693,722.681,445.902,,148.633,,74.316,,37.157,,17.835,,8.917,,4.458,,2.228,,0.89,,0.445,,0.222,,0.088,,0.043,,0.021,,0.01,0.006,0.003
694,723.429,446.364,,148.787,,74.393,,37.196,,17.853,,8.926,,4.462,,2.23,,0.891,,0.445,,0.222,,0.088,,0.043,,0.021,,0.01,0.006,0.003
695,724.177,446.825,,148.941,,74.47,,37.234,,17.872,,8.935,,4.467,,2.233,,0.892,,0.445,,0.222,,0.088,,0.043,,0.021,,0.01,0.006,0.004
696,724.925,447.287,,149.095,,74.547,,37.273,,17.89,,8.944,,4.472,,2.235,,0.893,,0.446,,0.222,,0.088,,0.043,,0.021,,0.01,0.006,0.004
697,725.673,447.748,,149.248,,74.624,,37.311,,17.909,,8.954,,4.476,,2.237,,0.894,,0.446,,0.223,,0.088,,0.043,,0.021,,0.01,0.006,0.004
698,726.421,448.21,,149.402,,74.701,,37.35,,17.927,,8.963,,4.481,,2.24,,0.895,,0.447,,0.223,,0.088,,0.043,,0.021,,0.01,0.006,0.004
699,727.169,448.671,,149.556,,74.777,,37.388,,17.946,,8.972,,4.485,,2.242,,0.896,,0.447,,0.223,,0.088,,0.044,,0.021,,0.01,0.006,0.004
700,727.917,449.133,,149.71,,74.854,,37.427,,17.964,,8.981,,4.49,,2.244,,0.897,,0.448,,0.223,,0.089,,0.044,,0.021,,0.01,0.006,0.004
