T,P [kPa],,,,,,,,,,,,,,,,,
[oC],0.617,1,3,6,12,25,50,100,200,500,1000,2000,5000,10000,20000,40000,60000,100000
1,204.957,0.001,0.001,0.001,0.001,0.001,0.001,0.001,0.001,0.001,0.001,0.001,0.001,0.001,0.001,0.001,0.001,0.001
2,205.708,0.001,0.001,0.001,0.001,0.001,0.001,0.001,0.001,0.001,0.001,0.001,0.001,0.001,0.001,0.001,0.001,0.001
3,206.459,0.001,0.001,0.001,0.001,0.001,0.001,0.001,0.001,0.001,0.001,0.001,0.001,0.001,0.001,0.001,0.001,0.001
4,207.210,0.001,0.001,0.001,0.001,0.001,0.001,0.001,0.001,0.001,0.001,0.001,0.001,0.001,0.001,0.001,0.001,0.001
5,207.960,0.001,0.001,0.001,0.001,0.001,0.001,0.001,0.001,0.001,0.001,0.001,0.001,0.001,0.001,0.001,0.001,0.001
6,208.711,0.001,0.001,0.001,0.001,0.001,0.001,0.001,0.001,0.001,0.001,0.001,0.001,0.001,0.001,0.001,0.001,0.001
7,209.461,0.001,0.001,0.001,0.001,0.001,0.001,0.001,0.001,0.001,0.001,0.001,0.001,0.001,0.001,0.001,0.001,0.001
8,210.211,129.662,0.001,0.001,0.001,0.001,0.001,0.001,0.001,0.001,0.001,0.001,0.001,0.001,0.001,0.001,0.001,0.001
9,210.961,130.126,0.001,0.001,0.001,0.001,0.001,0.001,0.001,0.001,0.001,0.001,0.001,0.001,0.001,0.001,0.001,0.001
10,211.711,130.590,0.001,0.001,0.001,0.001,0.001,0.001,0.001,0.001,0.001,0.001,0.001,0.001,0.001,0.001,0.001,0.001
11,212.461,131.053,0.001,0.001,0.001,0.001,0.001,0.001,0.001,0.001,0.001,0.001,0.001,0.001,0.001,0.001,0.001,0.001
12,213.211,131.517,0.001,0.001,0.001,0.001,0.001,0.001,0.001,0.001,0.001,0.001,0.001,0.001,0.001,0.001,0.001,0.001
13,213.961,131.980,0.001,0.001,0.001,0.001,0.001,0.001,0.001,0.001,0.001,0.001,0.001,0.001,0.001,0.001,0.001,0.001
14,214.710,132.444,0.001,0.001,0.001,0.001,0.001,0.001,0.001,0.001,0.001,0.001,0.001,0.001,0.001,0.001,0.001,0.001
15,215.460,132.907,0.001,0.001,0.001,0.001,0.001,0.001,0.001,0.001,0.001,0.001,0.001,0.001,0.001,0.001,0.001,0.001
16,216.210,133.370,0.001,0.001,0.001,0.001,0.001,0.001,0.001,0.001,0.001,0.001,0.001,0.001,0.001,0.001,0.001,0.001
17,216.959,133.833,0.001,0.001,0.001,0.001,0.001,0.001,0.001,0.001,0.001,0.001,0.001,0.001,0.001,0.001,0.001,0.001
18,217.708,134.296,0.001,0.001,0.001,0.001,0.001,0.001,0.001,0.001,0.001,0.001,0.001,0.001,0.001,0.001,0.001,0.001
19,218.458,134.759,0.001,0.001,0.001,0.001,0.001,0.001,0.001,0.001,0.001,0.001,0.001,0.001,0.001,0.001,0.001,0.001
20,219.207,135.222,0.001,0.001,0.001,0.001,0.001,0.001,0.001,0.001,0.001,0.001,0.001,0.001,0.001,0.001,0.001,0.001
21,219.957,135.685,0.001,0.001,0.001,0.001,0.001,0.001,0.001,0.001,0.001,0.001,0.001,0.001,0.001,0.001,0.001,0.001
22,220.706,136.148,0.001,0.001,0.001,0.001,0.001,0.001,0.001,0.001,0.001,0.001,0.001,0.001,0.001,0.001,0.001,0.001
23,221.455,136.611,0.001,0.001,0.001,0.001,0.001,0.001,0.001,0.001,0.001,0.001,0.001,0.001,0.001,0.001,0.001,0.001
24,222.204,137.073,0.001,0.001,0.001,0.001,0.001,0.001,0.001,0.001,0.001,0.001,0.001,0.001,0.001,0.001,0.001,0.001
25,222.953,137.536,45.798,0.001,0.001,0.001,0.001,0.001,0.001,0.001,0.001,0.001,0.001,0.001,0.001,0.001,0.001,0.001
26,223.703,137.999,45.953,0.001,0.001,0.001,0.001,0.001,0.001,0.001,0.001,0.001,0.001,0.001,0.001,0.001,0.001,0.001
27,224.452,138.461,46.109,0.001,0.001,0.001,0.001,0.001,0.001,0.001,0.001,0.001,0.001,0.001,0.001,0.001,0.001,0.001
28,225.201,138.924,46.264,0.001,0.001,0.001,0.001,0.001,0.001,0.001,0.001,0.001,0.001,0.001,0.001,0.001,0.001,0.001
29,225.950,139.387,46.419,0.001,0.001,0.001,0.001,0.001,0.001,0.001,0.001,0.001,0.001,0.001,0.001,0.001,0.001,0.001
30,226.699,139.849,46.574,0.001,0.001,0.001,0.001,0.001,0.001,0.001,0.001,0.001,0.001,0.001,0.001,0.001,0.001,0.001
31,227.448,140.312,46.729,0.001,0.001,0.001,0.001,0.001,0.001,0.001,0.001,0.001,0.001,0.001,0.001,0.001,0.001,0.001
32,228.197,140.774,46.884,0.001,0.001,0.001,0.001,0.001,0.001,0.001,0.001,0.001,0.001,0.001,0.001,0.001,0.001,0.001
33,228.946,141.237,47.039,0.001,0.001,0.001,0.001,0.001,0.001,0.001,0.001,0.001,0.001,0.001,0.001,0.001,0.001,0.001
34,229.695,141.699,47.194,0.001,0.001,0.001,0.001,0.001,0.001,0.001,0.001,0.001,0.001,0.001,0.001,0.001,0.001,0.001
35,230.444,142.162,47.348,0.001,0.001,0.001,0.001,0.001,0.001,0.001,0.001,0.001,0.001,0.001,0.001,0.001,0.001,0.001
36,231.193,142.624,47.503,0.001,0.001,0.001,0.001,0.001,0.001,0.001,0.001,0.001,0.001,0.001,0.001,0.001,0.001,0.001
37,231.942,143.087,47.658,23.800,0.001,0.001,0.001,0.001,0.001,0.001,0.001,0.001,0.001,0.001,0.001,0.001,0.001,0.001
38,232.690,143.549,47.813,23.878,0.001,0.001,0.001,0.001,0.001,0.001,0.001,0.001,0.001,0.001,0.001,0.001,0.001,0.001
39,233.439,144.011,47.967,23.956,0.001,0.001,0.001,0.001,0.001,0.001,0.001,0.001,0.001,0.001,0.001,0.001,0.001,0.001
40,234.188,144.474,48.122,24.033,0.001,0.001,0.001,0.001,0.001,0.001,0.001,0.001,0.001,0.001,0.001,0.001,0.001,0.001
41,234.937,144.936,48.277,24.111,0.001,0.001,0.001,0.001,0.001,0.001,0.001,0.001,0.001,0.001,0.001,0.001,0.001,0.001
42,235.686,145.398,48.431,24.189,0.001,0.001,0.001,0.001,0.001,0.001,0.001,0.001,0.001,0.001,0.001,0.001,0.001,0.001
43,236.434,145.861,48.586,24.267,0.001,0.001,0.001,0.001,0.001,0.001,0.001,0.001,0.001,0.001,0.001,0.001,0.001,0.001
44,237.183,146.323,48.741,24.345,0.001,0.001,0.001,0.001,0.001,0.001,0.001,0.001,0.001,0.001,0.001,0.001,0.001,0.001
45,237.932,146.785,48.895,24.422,0.001,0.001,0.001,0.001,0.001,0.001,0.001,0.001,0.001,0.001,0.001,0.001,0.001,0.001
46,238.681,147.247,49.050,24.500,0.001,0.001,0.001,0.001,0.001,0.001,0.001,0.001,0.001,0.001,0.001,0.001,0.001,0.001
47,239.429,147.710,49.204,24.578,0.001,0.001,0.001,0.001,0.001,0.001,0.001,0.001,0.001,0.001,0.001,0.001,0.001,0.001
48,240.178,148.172,49.359,24.655,0.001,0.001,0.001,0.001,0.001,0.001,0.001,0.001,0.001,0.001,0.001,0.001,0.001,0.001
49,240.927,148.634,49.513,24.733,0.001,0.001,0.001,0.001,0.001,0.001,0.001,0.001,0.001,0.001,0.001,0.001,0.001,0.001
50,241.675,149.096,49.668,24.811,12.381,0.001,0.001,0.001,0.001,0.001,0.001,0.001,0.001,0.001,0.001,0.001,0.001,0.001
51,242.424,149.558,49.822,24.888,12.421,0.001,0.001,0.001,0.001,0.001,0.001,0.001,0.001,0.001,0.001,0.001,0.001,0.001
52,243.173,150.020,49.977,24.966,12.460,0.001,0.001,0.001,0.001,0.001,0.001,0.001,0.001,0.001,0.001,0.001,0.001,0.001
53,243.921,150.483,50.131,25.043,12.499,0.001,0.001,0.001,0.001,0.001,0.001,0.001,0.001,0.001,0.001,0.001,0.001,0.001
54,244.670,150.945,50.286,25.121,12.538,0.001,0.001,0.001,0.001,0.001,0.001,0.001,0.001,0.001,0.001,0.001,0.001,0.001
55,245.419,151.407,50.440,25.198,12.577,0.001,0.001,0.001,0.001,0.001,0.001,0.001,0.001,0.001,0.001,0.001,0.001,0.001
56,246.167,151.869,50.595,25.276,12.616,0.001,0.001,0.001,0.001,0.001,0.001,0.001,0.001,0.001,0.001,0.001,0.001,0.001
57,246.916,152.331,50.749,25.354,12.655,0.001,0.001,0.001,0.001,0.001,0.001,0.001,0.001,0.001,0.001,0.001,0.001,0.001
58,247.664,152.793,50.904,25.431,12.694,0.001,0.001,0.001,0.001,0.001,0.001,0.001,0.001,0.001,0.001,0.001,0.001,0.001
59,248.413,153.255,51.058,25.508,12.733,0.001,0.001,0.001,0.001,0.001,0.001,0.001,0.001,0.001,0.001,0.001,0.001,0.001
60,249.162,153.717,51.212,25.586,12.773,0.001,0.001,0.001,0.001,0.001,0.001,0.001,0.001,0.001,0.001,0.001,0.001,0.001
61,249.910,154.179,51.367,25.663,12.812,0.001,0.001,0.001,0.001,0.001,0.001,0.001,0.001,0.001,0.001,0.001,0.001,0.001
62,250.659,154.641,51.521,25.741,12.851,0.001,0.001,0.001,0.001,0.001,0.001,0.001,0.001,0.001,0.001,0.001,0.001,0.001
63,251.407,155.103,51.675,25.818,12.890,0.001,0.001,0.001,0.001,0.001,0.001,0.001,0.001,0.001,0.001,0.001,0.001,0.001
64,252.156,155.565,51.830,25.896,12.929,0.001,0.001,0.001,0.001,0.001,0.001,0.001,0.001,0.001,0.001,0.001,0.001,0.001
65,252.904,156.027,51.984,25.973,12.967,6.204,0.001,0.001,0.001,0.001,0.001,0.001,0.001,0.001,0.001,0.001,0.001,0.001
66,253.653,156.489,52.138,26.051,13.006,6.223,0.001,0.001,0.001,0.001,0.001,0.001,0.001,0.001,0.001,0.001,0.001,0.001
67,254.401,156.951,52.293,26.128,13.045,6.242,0.001,0.001,0.001,0.001,0.001,0.001,0.001,0.001,0.001,0.001,0.001,0.001
68,255.150,157.413,52.447,26.205,13.084,6.261,0.001,0.001,0.001,0.001,0.001,0.001,0.001,0.001,0.001,0.001,0.001,0.001
69,255.898,157.875,52.601,26.283,13.123,6.280,0.001,0.001,0.001,0.001,0.001,0.001,0.001,0.001,0.001,0.001,0.001,0.001
70,256.647,158.337,52.756,26.360,13.162,6.299,0.001,0.001,0.001,0.001,0.001,0.001,0.001,0.001,0.001,0.001,0.001,0.001
71,257.395,158.799,52.910,26.437,13.201,6.318,0.001,0.001,0.001,0.001,0.001,0.001,0.001,0.001,0.001,0.001,0.001,0.001
72,258.143,159.261,53.064,26.515,13.240,6.337,0.001,0.001,0.001,0.001,0.001,0.001,0.001,0.001,0.001,0.001,0.001,0.001
73,258.892,159.723,53.218,26.592,13.279,6.356,0.001,0.001,0.001,0.001,0.001,0.001,0.001,0.001,0.001,0.001,0.001,0.001
74,259.640,160.185,53.373,26.669,13.318,6.375,0.001,0.001,0.001,0.001,0.001,0.001,0.001,0.001,0.001,0.001,0.001,0.001
75,260.389,160.647,53.527,26.747,13.357,6.393,0.001,0.001,0.001,0.001,0.001,0.001,0.001,0.001,0.001,0.001,0.001,0.001
76,261.137,161.109,53.681,26.824,13.396,6.412,0.001,0.001,0.001,0.001,0.001,0.001,0.001,0.001,0.001,0.001,0.001,0.001
77,261.886,161.571,53.835,26.901,13.434,6.431,0.001,0.001,0.001,0.001,0.001,0.001,0.001,0.001,0.001,0.001,0.001,0.001
78,262.634,162.033,53.990,26.979,13.473,6.450,0.001,0.001,0.001,0.001,0.001,0.001,0.001,0.001,0.001,0.001,0.001,0.001
79,263.382,162.495,54.144,27.056,13.512,6.469,0.001,0.001,0.001,0.001,0.001,0.001,0.001,0.001,0.001,0.001,0.001,0.001
80,264.131,162.957,54.298,27.133,13.551,6.488,0.001,0.001,0.001,0.001,0.001,0.001,0.001,0.001,0.001,0.001,0.001,0.001
81,264.879,163.419,54.452,27.211,13.590,6.507,0.001,0.001,0.001,0.001,0.001,0.001,0.001,0.001,0.001,0.001,0.001,0.001
82,265.627,163.880,54.606,27.288,13.629,6.525,3.247,0.001,0.001,0.001,0.001,0.001,0.001,0.001,0.001,0.001,0.001,0.001
83,266.376,164.342,54.761,27.365,13.667,6.544,3.256,0.001,0.001,0.001,0.001,0.001,0.001,0.001,0.001,0.001,0.001,0.001
84,267.124,164.804,54.915,27.442,13.706,6.563,3.266,0.001,0.001,0.001,0.001,0.001,0.001,0.001,0.001,0.001,0.001,0.001
85,267.873,165.266,55.069,27.520,13.745,6.582,3.276,0.001,0.001,0.001,0.001,0.001,0.001,0.001,0.001,0.001,0.001,0.001
86,268.621,165.728,55.223,27.597,13.784,6.601,3.285,0.001,0.001,0.001,0.001,0.001,0.001,0.001,0.001,0.001,0.001,0.001
87,269.369,166.190,55.377,27.674,13.823,6.620,3.295,0.001,0.001,0.001,0.001,0.001,0.001,0.001,0.001,0.001,0.001,0.001
88,270.118,166.652,55.532,27.751,13.861,6.638,3.304,0.001,0.001,0.001,0.001,0.001,0.001,0.001,0.001,0.001,0.001,0.001
89,270.866,167.113,55.686,27.829,13.900,6.657,3.314,0.001,0.001,0.001,0.001,0.001,0.001,0.001,0.001,0.001,0.001,0.001
90,271.614,167.575,55.840,27.906,13.939,6.676,3.323,0.001,0.001,0.001,0.001,0.001,0.001,0.001,0.001,0.001,0.001,0.001
91,272.363,168.037,55.994,27.983,13.978,6.695,3.333,0.001,0.001,0.001,0.001,0.001,0.001,0.001,0.001,0.001,0.001,0.001
92,273.111,168.499,56.148,28.060,14.016,6.713,3.343,0.001,0.001,0.001,0.001,0.001,0.001,0.001,0.001,0.001,0.001,0.001
93,273.859,168.961,56.302,28.138,14.055,6.732,3.352,0.001,0.001,0.001,0.001,0.001,0.001,0.001,0.001,0.001,0.001,0.001
94,274.607,169.423,56.456,28.215,14.094,6.751,3.362,0.001,0.001,0.001,0.001,0.001,0.001,0.001,0.001,0.001,0.001,0.001
95,275.356,169.884,56.611,28.292,14.133,6.770,3.371,0.001,0.001,0.001,0.001,0.001,0.001,0.001,0.001,0.001,0.001,0.001
96,276.104,170.346,56.765,28.369,14.171,6.788,3.381,0.001,0.001,0.001,0.001,0.001,0.001,0.001,0.001,0.001,0.001,0.001
97,276.852,170.808,56.919,28.446,14.210,6.807,3.390,0.001,0.001,0.001,0.001,0.001,0.001,0.001,0.001,0.001,0.001,0.001
98,277.601,171.270,57.073,28.524,14.249,6.826,3.400,0.001,0.001,0.001,0.001,0.001,0.001,0.001,0.001,0.001,0.001,0.001
99,278.349,171.732,57.227,28.601,14.288,6.845,3.409,0.001,0.001,0.001,0.001,0.001,0.001,0.001,0.001,0.001,0.001,0.001
100,279.097,172.193,57.381,28.678,14.326,6.863,3.419,1.696,0.001,0.001,0.001,0.001,0.001,0.001,0.001,0.001,0.001,0.001
101,279.846,172.655,57.535,28.755,14.365,6.882,3.428,1.701,0.001,0.001,0.001,0.001,0.001,0.001,0.001,0.001,0.001,0.001
102,280.594,173.117,57.689,28.832,14.404,6.901,3.438,1.706,0.001,0.001,0.001,0.001,0.001,0.001,0.001,0.001,0.001,0.001
103,281.342,173.579,57.843,28.910,14.443,6.920,3.447,1.711,0.001,0.001,0.001,0.001,0.001,0.001,0.001,0.001,0.001,0.001
104,282.090,174.041,57.997,28.987,14.481,6.938,3.457,1.716,0.001,0.001,0.001,0.001,0.001,0.001,0.001,0.001,0.001,0.001
105,282.839,174.502,58.152,29.064,14.520,6.957,3.466,1.720,0.001,0.001,0.001,0.001,0.001,0.001,0.001,0.001,0.001,0.001
106,283.587,174.964,58.306,29.141,14.559,6.976,3.476,1.725,0.001,0.001,0.001,0.001,0.001,0.001,0.001,0.001,0.001,0.001
107,284.335,175.426,58.460,29.218,14.597,6.994,3.485,1.730,0.001,0.001,0.001,0.001,0.001,0.001,0.001,0.001,0.001,0.001
108,285.083,175.888,58.614,29.295,14.636,7.013,3.495,1.735,0.001,0.001,0.001,0.001,0.001,0.001,0.001,0.001,0.001,0.001
109,285.832,176.349,58.768,29.372,14.675,7.032,3.504,1.740,0.001,0.001,0.001,0.001,0.001,0.001,0.001,0.001,0.001,0.001
110,286.580,176.811,58.922,29.450,14.713,7.051,3.514,1.745,0.001,0.001,0.001,0.001,0.001,0.001,0.001,0.001,0.001,0.001
111,287.328,177.273,59.076,29.527,14.752,7.069,3.523,1.750,0.001,0.001,0.001,0.001,0.001,0.001,0.001,0.001,0.001,0.001
112,288.076,177.735,59.230,29.604,14.791,7.088,3.533,1.755,0.001,0.001,0.001,0.001,0.001,0.001,0.001,0.001,0.001,0.001
113,288.825,178.196,59.384,29.681,14.829,7.107,3.542,1.759,0.001,0.001,0.001,0.001,0.001,0.001,0.001,0.001,0.001,0.001
114,289.573,178.658,59.538,29.758,14.868,7.125,3.551,1.764,0.001,0.001,0.001,0.001,0.001,0.001,0.001,0.001,0.001,0.001
115,290.321,179.120,59.692,29.835,14.907,7.144,3.561,1.769,0.001,0.001,0.001,0.001,0.001,0.001,0.001,0.001,0.001,0.001
116,291.069,179.582,59.846,29.912,14.945,7.163,3.570,1.774,0.001,0.001,0.001,0.001,0.001,0.001,0.001,0.001,0.001,0.001
117,291.817,180.043,60.000,29.990,14.984,7.181,3.580,1.779,0.001,0.001,0.001,0.001,0.001,0.001,0.001,0.001,0.001,0.001
118,292.566,180.505,60.154,30.067,15.023,7.200,3.589,1.784,0.001,0.001,0.001,0.001,0.001,0.001,0.001,0.001,0.001,0.001
119,293.314,180.967,60.308,30.144,15.061,7.219,3.599,1.788,0.001,0.001,0.001,0.001,0.001,0.001,0.001,0.001,0.001,0.001
120,294.062,181.428,60.462,30.221,15.100,7.237,3.608,1.793,0.001,0.001,0.001,0.001,0.001,0.001,0.001,0.001,0.001,0.001
121,294.810,181.890,60.616,30.298,15.139,7.256,3.618,1.798,0.888,0.001,0.001,0.001,0.001,0.001,0.001,0.001,0.001,0.001
122,295.558,182.352,60.770,30.375,15.177,7.275,3.627,1.803,0.890,0.001,0.001,0.001,0.001,0.001,0.001,0.001,0.001,0.001
123,296.307,182.814,60.925,30.452,15.216,7.293,3.636,1.808,0.893,0.001,0.001,0.001,0.001,0.001,0.001,0.001,0.001,0.001
124,297.055,183.275,61.079,30.529,15.255,7.312,3.646,1.813,0.895,0.001,0.001,0.001,0.001,0.001,0.001,0.001,0.001,0.001
125,297.803,183.737,61.233,30.606,15.293,7.330,3.655,1.817,0.898,0.001,0.001,0.001,0.001,0.001,0.001,0.001,0.001,0.001
126,298.551,184.199,61.387,30.684,15.332,7.349,3.665,1.822,0.900,0.001,0.001,0.001,0.001,0.001,0.001,0.001,0.001,0.001
127,299.299,184.660,61.541,30.761,15.371,7.368,3.674,1.827,0.903,0.001,0.001,0.001,0.001,0.001,0.001,0.001,0.001,0.001
128,300.048,185.122,61.695,30.838,15.409,7.386,3.683,1.832,0.905,0.001,0.001,0.001,0.001,0.001,0.001,0.001,0.001,0.001
129,300.796,185.584,61.849,30.915,15.448,7.405,3.693,1.837,0.908,0.001,0.001,0.001,0.001,0.001,0.001,0.001,0.001,0.001
130,301.544,186.045,62.003,30.992,15.487,7.424,3.702,1.841,0.910,0.001,0.001,0.001,0.001,0.001,0.001,0.001,0.001,0.001
131,302.292,186.507,62.157,31.069,15.525,7.442,3.712,1.846,0.913,0.001,0.001,0.001,0.001,0.001,0.001,0.001,0.001,0.001
132,303.040,186.969,62.311,31.146,15.564,7.461,3.721,1.851,0.915,0.001,0.001,0.001,0.001,0.001,0.001,0.001,0.001,0.001
133,303.789,187.431,62.465,31.223,15.602,7.480,3.730,1.856,0.918,0.001,0.001,0.001,0.001,0.001,0.001,0.001,0.001,0.001
134,304.537,187.892,62.619,31.300,15.641,7.498,3.740,1.860,0.920,0.001,0.001,0.001,0.001,0.001,0.001,0.001,0.001,0.001
135,305.285,188.354,62.773,31.377,15.680,7.517,3.749,1.865,0.923,0.001,0.001,0.001,0.001,0.001,0.001,0.001,0.001,0.001
136,306.033,188.816,62.927,31.454,15.718,7.535,3.759,1.870,0.925,0.001,0.001,0.001,0.001,0.001,0.001,0.001,0.001,0.001
137,306.781,189.277,63.081,31.531,15.757,7.554,3.768,1.875,0.928,0.001,0.001,0.001,0.001,0.001,0.001,0.001,0.001,0.001
138,307.529,189.739,63.235,31.609,15.795,7.573,3.777,1.880,0.930,0.001,0.001,0.001,0.001,0.001,0.001,0.001,0.001,0.001
139,308.278,190.201,63.389,31.686,15.834,7.591,3.787,1.884,0.933,0.001,0.001,0.001,0.001,0.001,0.001,0.001,0.001,0.001
140,309.026,190.662,63.543,31.763,15.873,7.610,3.796,1.889,0.935,0.001,0.001,0.001,0.001,0.001,0.001,0.001,0.001,0.001
141,309.774,191.124,63.697,31.840,15.911,7.628,3.806,1.894,0.938,0.001,0.001,0.001,0.001,0.001,0.001,0.001,0.001,0.001
142,310.522,191.586,63.851,31.917,15.950,7.647,3.815,1.899,0.940,0.001,0.001,0.001,0.001,0.001,0.001,0.001,0.001,0.001
143,311.270,192.047,64.005,31.994,15.988,7.666,3.824,1.903,0.943,0.001,0.001,0.001,0.001,0.001,0.001,0.001,0.001,0.001
144,312.018,192.509,64.159,32.071,16.027,7.684,3.834,1.908,0.945,0.001,0.001,0.001,0.001,0.001,0.001,0.001,0.001,0.001
145,312.766,192.971,64.313,32.148,16.066,7.703,3.843,1.913,0.948,0.001,0.001,0.001,0.001,0.001,0.001,0.001,0.001,0.001
146,313.515,193.432,64.466,32.225,16.104,7.721,3.852,1.918,0.950,0.001,0.001,0.001,0.001,0.001,0.001,0.001,0.001,0.001
147,314.263,193.894,64.620,32.302,16.143,7.740,3.862,1.922,0.953,0.001,0.001,0.001,0.001,0.001,0.001,0.001,0.001,0.001
148,315.011,194.356,64.774,32.379,16.181,7.759,3.871,1.927,0.955,0.001,0.001,0.001,0.001,0.001,0.001,0.001,0.001,0.001
149,315.759,194.817,64.928,32.456,16.220,7.777,3.880,1.932,0.957,0.001,0.001,0.001,0.001,0.001,0.001,0.001,0.001,0.001
150,316.507,195.279,65.082,32.533,16.259,7.796,3.890,1.937,0.960,0.001,0.001,0.001,0.001,0.001,0.001,0.001,0.001,0.001
151,317.255,195.741,65.236,32.610,16.297,7.814,3.899,1.941,0.962,0.001,0.001,0.001,0.001,0.001,0.001,0.001,0.001,0.001
152,318.003,196.202,65.390,32.687,16.336,7.833,3.909,1.946,0.965,0.375,0.001,0.001,0.001,0.001,0.001,0.001,0.001,0.001
153,318.752,196.664,65.544,32.764,16.374,7.852,3.918,1.951,0.967,0.376,0.001,0.001,0.001,0.001,0.001,0.001,0.001,0.001
154,319.500,197.125,65.698,32.841,16.413,7.870,3.927,1.956,0.970,0.377,0.001,0.001,0.001,0.001,0.001,0.001,0.001,0.001
155,320.248,197.587,65.852,32.918,16.452,7.889,3.937,1.960,0.972,0.378,0.001,0.001,0.001,0.001,0.001,0.001,0.001,0.001
156,320.996,198.049,66.006,32.995,16.490,7.907,3.946,1.965,0.975,0.379,0.001,0.001,0.001,0.001,0.001,0.001,0.001,0.001
157,321.744,198.510,66.160,33.073,16.529,7.926,3.955,1.970,0.977,0.380,0.001,0.001,0.001,0.001,0.001,0.001,0.001,0.001
158,322.492,198.972,66.314,33.150,16.567,7.944,3.965,1.975,0.979,0.382,0.001,0.001,0.001,0.001,0.001,0.001,0.001,0.001
159,323.240,199.434,66.468,33.227,16.606,7.963,3.974,1.979,0.982,0.383,0.001,0.001,0.001,0.001,0.001,0.001,0.001,0.001
160,323.989,199.895,66.622,33.304,16.644,7.982,3.983,1.984,0.984,0.384,0.001,0.001,0.001,0.001,0.001,0.001,0.001,0.001
161,324.737,200.357,66.776,33.381,16.683,8.000,3.993,1.989,0.987,0.385,0.001,0.001,0.001,0.001,0.001,0.001,0.001,0.001
162,325.485,200.819,66.930,33.458,16.722,8.019,4.002,1.994,0.989,0.386,0.001,0.001,0.001,0.001,0.001,0.001,0.001,0.001
163,326.233,201.280,67.084,33.535,16.760,8.037,4.011,1.998,0.992,0.387,0.001,0.001,0.001,0.001,0.001,0.001,0.001,0.001
164,326.981,201.742,67.238,33.612,16.799,8.056,4.021,2.003,0.994,0.388,0.001,0.001,0.001,0.001,0.001,0.001,0.001,0.001
165,327.729,202.203,67.392,33.689,16.837,8.075,4.030,2.008,0.996,0.389,0.001,0.001,0.001,0.001,0.001,0.001,0.001,0.001
166,328.477,202.665,67.546,33.766,16.876,8.093,4.039,2.013,0.999,0.390,0.001,0.001,0.001,0.001,0.001,0.001,0.001,0.001
167,329.225,203.127,67.700,33.843,16.914,8.112,4.049,2.017,1.001,0.391,0.001,0.001,0.001,0.001,0.001,0.001,0.001,0.001
168,329.974,203.588,67.854,33.920,16.953,8.130,4.058,2.022,1.004,0.392,0.001,0.001,0.001,0.001,0.001,0.001,0.001,0.001
169,330.722,204.050,68.008,33.997,16.992,8.149,4.067,2.027,1.006,0.393,0.001,0.001,0.001,0.001,0.001,0.001,0.001,0.001
170,331.470,204.512,68.161,34.074,17.030,8.167,4.077,2.031,1.009,0.394,0.001,0.001,0.001,0.001,0.001,0.001,0.001,0.001
171,332.218,204.973,68.315,34.151,17.069,8.186,4.086,2.036,1.011,0.395,0.001,0.001,0.001,0.001,0.001,0.001,0.001,0.001
172,332.966,205.435,68.469,34.228,17.107,8.204,4.095,2.041,1.013,0.396,0.001,0.001,0.001,0.001,0.001,0.001,0.001,0.001
173,333.714,205.896,68.623,34.305,17.146,8.223,4.105,2.046,1.016,0.397,0.001,0.001,0.001,0.001,0.001,0.001,0.001,0.001
174,334.462,206.358,68.777,34.382,17.184,8.242,4.114,2.050,1.018,0.398,0.001,0.001,0.001,0.001,0.001,0.001,0.001,0.001
175,335.210,206.820,68.931,34.459,17.223,8.260,4.123,2.055,1.021,0.399,0.001,0.001,0.001,0.001,0.001,0.001,0.001,0.001
176,335.958,207.281,69.085,34.536,17.261,8.279,4.133,2.060,1.023,0.401,0.001,0.001,0.001,0.001,0.001,0.001,0.001,0.001
177,336.707,207.743,69.239,34.613,17.300,8.297,4.142,2.064,1.025,0.402,0.001,0.001,0.001,0.001,0.001,0.001,0.001,0.001
178,337.455,208.205,69.393,34.690,17.339,8.316,4.151,2.069,1.028,0.403,0.001,0.001,0.001,0.001,0.001,0.001,0.001,0.001
179,338.203,208.666,69.547,34.767,17.377,8.334,4.161,2.074,1.030,0.404,0.001,0.001,0.001,0.001,0.001,0.001,0.001,0.001
180,338.951,209.128,69.701,34.844,17.416,8.353,4.170,2.079,1.033,0.405,0.194,0.001,0.001,0.001,0.001,0.001,0.001,0.001
181,339.699,209.589,69.855,34.921,17.454,8.371,4.179,2.083,1.035,0.406,0.195,0.001,0.001,0.001,0.001,0.001,0.001,0.001
182,340.447,210.051,70.009,34.998,17.493,8.390,4.189,2.088,1.037,0.407,0.196,0.001,0.001,0.001,0.001,0.001,0.001,0.001
183,341.195,210.513,70.163,35.075,17.531,8.409,4.198,2.093,1.040,0.408,0.196,0.001,0.001,0.001,0.001,0.001,0.001,0.001
184,341.943,210.974,70.317,35.152,17.570,8.427,4.207,2.097,1.042,0.409,0.197,0.001,0.001,0.001,0.001,0.001,0.001,0.001
185,342.691,211.436,70.470,35.229,17.608,8.446,4.217,2.102,1.045,0.410,0.197,0.001,0.001,0.001,0.001,0.001,0.001,0.001
186,343.439,211.897,70.624,35.306,17.647,8.464,4.226,2.107,1.047,0.411,0.198,0.001,0.001,0.001,0.001,0.001,0.001,0.001
187,344.188,212.359,70.778,35.383,17.685,8.483,4.235,2.111,1.049,0.412,0.199,0.001,0.001,0.001,0.001,0.001,0.001,0.001
188,344.936,212.821,70.932,35.460,17.724,8.501,4.245,2.116,1.052,0.413,0.199,0.001,0.001,0.001,0.001,0.001,0.001,0.001
189,345.684,213.282,71.086,35.537,17.763,8.520,4.254,2.121,1.054,0.414,0.200,0.001,0.001,0.001,0.001,0.001,0.001,0.001
190,346.432,213.744,71.240,35.614,17.801,8.538,4.263,2.126,1.057,0.415,0.200,0.001,0.001,0.001,0.001,0.001,0.001,0.001
191,347.180,214.206,71.394,35.691,17.840,8.557,4.273,2.130,1.059,0.416,0.201,0.001,0.001,0.001,0.001,0.001,0.001,0.001
192,347.928,214.667,71.548,35.768,17.878,8.575,4.282,2.135,1.061,0.417,0.201,0.001,0.001,0.001,0.001,0.001,0.001,0.001
193,348.676,215.129,71.702,35.845,17.917,8.594,4.291,2.140,1.064,0.418,0.202,0.001,0.001,0.001,0.001,0.001,0.001,0.001
194,349.424,215.590,71.856,35.922,17.955,8.613,4.300,2.144,1.066,0.419,0.203,0.001,0.001,0.001,0.001,0.001,0.001,0.001
195,350.172,216.052,72.010,35.999,17.994,8.631,4.310,2.149,1.069,0.420,0.203,0.001,0.001,0.001,0.001,0.001,0.001,0.001
196,350.920,216.514,72.164,36.076,18.032,8.650,4.319,2.154,1.071,0.421,0.204,0.001,0.001,0.001,0.001,0.001,0.001,0.001
197,351.669,216.975,72.317,36.153,18.071,8.668,4.328,2.158,1.073,0.422,0.204,0.001,0.001,0.001,0.001,0.001,0.001,0.001
198,352.417,217.437,72.471,36.230,18.109,8.687,4.338,2.163,1.076,0.423,0.205,0.001,0.001,0.001,0.001,0.001,0.001,0.001
199,353.165,217.898,72.625,36.307,18.148,8.705,4.347,2.168,1.078,0.424,0.205,0.001,0.001,0.001,0.001,0.001,0.001,0.001
200,353.913,218.360,72.779,36.384,18.186,8.724,4.356,2.172,1.081,0.425,0.206,0.001,0.001,0.001,0.001,0.001,0.001,0.001
201,354.661,218.822,72.933,36.461,18.225,8.742,4.366,2.177,1.083,0.426,0.207,0.001,0.001,0.001,0.001,0.001,0.001,0.001
202,355.409,219.283,73.087,36.538,18.264,8.761,4.375,2.182,1.085,0.427,0.207,0.001,0.001,0.001,0.001,0.001,0.001,0.001
203,356.157,219.745,73.241,36.615,18.302,8.779,4.384,2.187,1.088,0.428,0.208,0.001,0.001,0.001,0.001,0.001,0.001,0.001
204,356.905,220.206,73.395,36.692,18.341,8.798,4.393,2.191,1.090,0.429,0.208,0.001,0.001,0.001,0.001,0.001,0.001,0.001
205,357.653,220.668,73.549,36.769,18.379,8.816,4.403,2.196,1.092,0.430,0.209,0.001,0.001,0.001,0.001,0.001,0.001,0.001
206,358.401,221.130,73.703,36.846,18.418,8.835,4.412,2.201,1.095,0.431,0.209,0.001,0.001,0.001,0.001,0.001,0.001,0.001
207,359.149,221.591,73.857,36.923,18.456,8.853,4.421,2.205,1.097,0.432,0.210,0.001,0.001,0.001,0.001,0.001,0.001,0.001
208,359.897,222.053,74.011,37.000,18.495,8.872,4.431,2.210,1.100,0.433,0.210,0.001,0.001,0.001,0.001,0.001,0.001,0.001
209,360.646,222.514,74.164,37.077,18.533,8.890,4.440,2.215,1.102,0.434,0.211,0.001,0.001,0.001,0.001,0.001,0.001,0.001
210,361.394,222.976,74.318,37.154,18.572,8.909,4.449,2.219,1.104,0.435,0.212,0.001,0.001,0.001,0.001,0.001,0.001,0.001
211,362.142,223.437,74.472,37.231,18.610,8.928,4.459,2.224,1.107,0.436,0.212,0.001,0.001,0.001,0.001,0.001,0.001,0.001
212,362.890,223.899,74.626,37.308,18.649,8.946,4.468,2.229,1.109,0.437,0.213,0.001,0.001,0.001,0.001,0.001,0.001,0.001
213,363.638,224.361,74.780,37.385,18.687,8.965,4.477,2.233,1.111,0.438,0.213,0.100,0.001,0.001,0.001,0.001,0.001,0.001
214,364.386,224.822,74.934,37.462,18.726,8.983,4.486,2.238,1.114,0.439,0.214,0.100,0.001,0.001,0.001,0.001,0.001,0.001
215,365.134,225.284,75.088,37.539,18.764,9.002,4.496,2.243,1.116,0.440,0.214,0.100,0.001,0.001,0.001,0.001,0.001,0.001
216,365.882,225.745,75.242,37.616,18.803,9.020,4.505,2.247,1.119,0.441,0.215,0.101,0.001,0.001,0.001,0.001,0.001,0.001
217,366.630,226.207,75.396,37.693,18.841,9.039,4.514,2.252,1.121,0.442,0.215,0.101,0.001,0.001,0.001,0.001,0.001,0.001
218,367.378,226.669,75.550,37.770,18.880,9.057,4.524,2.257,1.123,0.443,0.216,0.102,0.001,0.001,0.001,0.001,0.001,0.001
219,368.126,227.130,75.703,37.847,18.918,9.076,4.533,2.261,1.126,0.444,0.216,0.102,0.001,0.001,0.001,0.001,0.001,0.001
220,368.874,227.592,75.857,37.924,18.957,9.094,4.542,2.266,1.128,0.445,0.217,0.102,0.001,0.001,0.001,0.001,0.001,0.001
221,369.622,228.053,76.011,38.001,18.996,9.113,4.551,2.271,1.130,0.446,0.218,0.102,0.001,0.001,0.001,0.001,0.001,0.001
222,370.371,228.515,76.165,38.078,19.034,9.131,4.561,2.275,1.133,0.447,0.218,0.103,0.001,0.001,0.001,0.001,0.001,0.001
223,371.119,228.977,76.319,38.155,19.073,9.150,4.570,2.280,1.135,0.448,0.219,0.103,0.001,0.001,0.001,0.001,0.001,0.001
224,371.867,229.438,76.473,38.232,19.111,9.168,4.579,2.285,1.138,0.449,0.219,0.103,0.001,0.001,0.001,0.001,0.001,0.001
225,372.615,229.900,76.627,38.309,19.150,9.187,4.589,2.290,1.140,0.450,0.220,0.104,0.001,0.001,0.001,0.001,0.001,0.001
226,373.363,230.361,76.781,38.386,19.188,9.205,4.598,2.294,1.142,0.451,0.220,0.104,0.001,0.001,0.001,0.001,0.001,0.001
227,374.111,230.823,76.935,38.463,19.227,9.224,4.607,2.299,1.145,0.452,0.221,0.104,0.001,0.001,0.001,0.001,0.001,0.001
228,374.859,231.284,77.089,38.540,19.265,9.242,4.617,2.304,1.147,0.453,0.221,0.105,0.001,0.001,0.001,0.001,0.001,0.001
229,375.607,231.746,77.242,38.617,19.304,9.261,4.626,2.308,1.149,0.454,0.222,0.105,0.001,0.001,0.001,0.001,0.001,0.001
230,376.355,232.208,77.396,38.694,19.342,9.279,4.635,2.313,1.152,0.455,0.222,0.105,0.001,0.001,0.001,0.001,0.001,0.001
231,377.103,232.669,77.550,38.771,19.381,9.298,4.644,2.318,1.154,0.456,0.223,0.106,0.001,0.001,0.001,0.001,0.001,0.001
232,377.851,233.131,77.704,38.848,19.419,9.316,4.654,2.322,1.156,0.457,0.223,0.106,0.001,0.001,0.001,0.001,0.001,0.001
233,378.599,233.592,77.858,38.924,19.458,9.335,4.663,2.327,1.159,0.458,0.224,0.106,0.001,0.001,0.001,0.001,0.001,0.001
234,379.347,234.054,78.012,39.001,19.496,9.353,4.672,2.332,1.161,0.459,0.224,0.107,0.001,0.001,0.001,0.001,0.001,0.001
235,380.095,234.515,78.166,39.078,19.535,9.372,4.681,2.336,1.164,0.460,0.225,0.107,0.001,0.001,0.001,0.001,0.001,0.001
236,380.844,234.977,78.320,39.155,19.573,9.391,4.691,2.341,1.166,0.461,0.225,0.107,0.001,0.001,0.001,0.001,0.001,0.001
237,381.592,235.439,78.474,39.232,19.612,9.409,4.700,2.346,1.168,0.462,0.226,0.108,0.001,0.001,0.001,0.001,0.001,0.001
238,382.340,235.900,78.628,39.309,19.650,9.428,4.709,2.350,1.171,0.463,0.227,0.108,0.001,0.001,0.001,0.001,0.001,0.001
239,383.088,236.362,78.781,39.386,19.689,9.446,4.719,2.355,1.173,0.464,0.227,0.108,0.001,0.001,0.001,0.001,0.001,0.001
240,383.836,236.823,78.935,39.463,19.727,9.465,4.728,2.360,1.175,0.465,0.228,0.108,0.001,0.001,0.001,0.001,0.001,0.001
241,384.584,237.285,79.089,39.540,19.766,9.483,4.737,2.364,1.178,0.466,0.228,0.109,0.001,0.001,0.001,0.001,0.001,0.001
242,385.332,237.747,79.243,39.617,19.804,9.502,4.746,2.369,1.180,0.467,0.229,0.109,0.001,0.001,0.001,0.001,0.001,0.001
243,386.080,238.208,79.397,39.694,19.843,9.520,4.756,2.374,1.182,0.468,0.229,0.109,0.001,0.001,0.001,0.001,0.001,0.001
244,386.828,238.670,79.551,39.771,19.881,9.539,4.765,2.378,1.185,0.469,0.230,0.110,0.001,0.001,0.001,0.001,0.001,0.001
245,387.576,239.131,79.705,39.848,19.920,9.557,4.774,2.383,1.187,0.470,0.230,0.110,0.001,0.001,0.001,0.001,0.001,0.001
246,388.324,239.593,79.859,39.925,19.958,9.576,4.784,2.388,1.189,0.471,0.231,0.110,0.001,0.001,0.001,0.001,0.001,0.001
247,389.072,240.054,80.013,40.002,19.997,9.594,4.793,2.392,1.192,0.472,0.231,0.111,0.001,0.001,0.001,0.001,0.001,0.001
248,389.820,240.516,80.166,40.079,20.035,9.613,4.802,2.397,1.194,0.472,0.232,0.111,0.001,0.001,0.001,0.001,0.001,0.001
249,390.568,240.978,80.320,40.156,20.074,9.631,4.811,2.402,1.197,0.473,0.232,0.111,0.001,0.001,0.001,0.001,0.001,0.001
250,391.316,241.439,80.474,40.233,20.112,9.650,4.821,2.406,1.199,0.474,0.233,0.111,0.001,0.001,0.001,0.001,0.001,0.001
251,392.065,241.901,80.628,40.310,20.151,9.668,4.830,2.411,1.201,0.475,0.233,0.112,0.001,0.001,0.001,0.001,0.001,0.001
252,392.813,242.362,80.782,40.387,20.189,9.687,4.839,2.416,1.204,0.476,0.234,0.112,0.001,0.001,0.001,0.001,0.001,0.001
253,393.561,242.824,80.936,40.464,20.228,9.705,4.849,2.420,1.206,0.477,0.234,0.112,0.001,0.001,0.001,0.001,0.001,0.001
254,394.309,243.285,81.090,40.541,20.266,9.724,4.858,2.425,1.208,0.478,0.235,0.113,0.001,0.001,0.001,0.001,0.001,0.001
255,395.057,243.747,81.244,40.618,20.305,9.742,4.867,2.429,1.211,0.479,0.235,0.113,0.001,0.001,0.001,0.001,0.001,0.001
256,395.805,244.209,81.398,40.695,20.343,9.761,4.876,2.434,1.213,0.480,0.236,0.113,0.001,0.001,0.001,0.001,0.001,0.001
257,396.553,244.670,81.551,40.772,20.382,9.779,4.886,2.439,1.215,0.481,0.236,0.114,0.001,0.001,0.001,0.001,0.001,0.001
258,397.301,245.132,81.705,40.849,20.420,9.798,4.895,2.443,1.218,0.482,0.237,0.114,0.001,0.001,0.001,0.001,0.001,0.001
259,398.049,245.593,81.859,40.926,20.459,9.816,4.904,2.448,1.220,0.483,0.237,0.114,0.001,0.001,0.001,0.001,0.001,0.001
260,398.797,246.055,82.013,41.003,20.497,9.835,4.913,2.453,1.222,0.484,0.238,0.114,0.001,0.001,0.001,0.001,0.001,0.001
261,399.545,246.516,82.167,41.080,20.536,9.853,4.923,2.457,1.225,0.485,0.238,0.115,0.001,0.001,0.001,0.001,0.001,0.001
262,400.293,246.978,82.321,41.157,20.574,9.872,4.932,2.462,1.227,0.486,0.239,0.115,0.001,0.001,0.001,0.001,0.001,0.001
263,401.041,247.439,82.475,41.234,20.613,9.890,4.941,2.467,1.229,0.487,0.239,0.115,0.001,0.001,0.001,0.001,0.001,0.001
264,401.789,247.901,82.629,41.310,20.651,9.909,4.951,2.471,1.232,0.488,0.240,0.116,0.039,0.001,0.001,0.001,0.001,0.001
265,402.537,248.363,82.782,41.387,20.690,9.927,4.960,2.476,1.234,0.489,0.240,0.116,0.040,0.001,0.001,0.001,0.001,0.001
266,403.285,248.824,82.936,41.464,20.728,9.946,4.969,2.481,1.237,0.490,0.241,0.116,0.040,0.001,0.001,0.001,0.001,0.001
267,404.033,249.286,83.090,41.541,20.767,9.964,4.978,2.485,1.239,0.491,0.241,0.116,0.040,0.001,0.001,0.001,0.001,0.001
268,404.781,249.747,83.244,41.618,20.805,9.983,4.988,2.490,1.241,0.492,0.242,0.117,0.040,0.001,0.001,0.001,0.001,0.001
269,405.530,250.209,83.398,41.695,20.844,10.001,4.997,2.495,1.244,0.493,0.242,0.117,0.040,0.001,0.001,0.001,0.001,0.001
270,406.278,250.670,83.552,41.772,20.882,10.020,5.006,2.499,1.246,0.494,0.243,0.117,0.041,0.001,0.001,0.001,0.001,0.001
271,407.026,251.132,83.706,41.849,20.921,10.038,5.015,2.504,1.248,0.495,0.243,0.118,0.041,0.001,0.001,0.001,0.001,0.001
272,407.774,251.594,83.860,41.926,20.959,10.057,5.025,2.509,1.251,0.496,0.244,0.118,0.041,0.001,0.001,0.001,0.001,0.001
273,408.522,252.055,84.014,42.003,20.998,10.075,5.034,2.513,1.253,0.497,0.244,0.118,0.041,0.001,0.001,0.001,0.001,0.001
274,409.270,252.517,84.167,42.080,21.036,10.094,5.043,2.518,1.255,0.498,0.245,0.118,0.041,0.001,0.001,0.001,0.001,0.001
275,410.018,252.978,84.321,42.157,21.075,10.112,5.052,2.523,1.258,0.499,0.245,0.119,0.041,0.001,0.001,0.001,0.001,0.001
276,410.766,253.440,84.475,42.234,21.113,10.131,5.062,2.527,1.260,0.500,0.246,0.119,0.042,0.001,0.001,0.001,0.001,0.001
277,411.514,253.901,84.629,42.311,21.152,10.149,5.071,2.532,1.262,0.501,0.246,0.119,0.042,0.001,0.001,0.001,0.001,0.001
278,412.262,254.363,84.783,42.388,21.190,10.168,5.080,2.537,1.265,0.502,0.247,0.119,0.042,0.001,0.001,0.001,0.001,0.001
279,413.010,254.825,84.937,42.465,21.229,10.186,5.090,2.541,1.267,0.502,0.247,0.120,0.042,0.001,0.001,0.001,0.001,0.001
280,413.758,255.286,85.091,42.542,21.267,10.205,5.099,2.546,1.269,0.503,0.248,0.120,0.042,0.001,0.001,0.001,0.001,0.001
281,414.506,255.748,85.245,42.619,21.306,10.223,5.108,2.551,1.272,0.504,0.249,0.120,0.042,0.001,0.001,0.001,0.001,0.001
282,415.254,256.209,85.398,42.696,21.344,10.242,5.117,2.555,1.274,0.505,0.249,0.121,0.043,0.001,0.001,0.001,0.001,0.001
283,416.002,256.671,85.552,42.773,21.383,10.260,5.127,2.560,1.276,0.506,0.250,0.121,0.043,0.001,0.001,0.001,0.001,0.001
284,416.750,257.132,85.706,42.850,21.421,10.279,5.136,2.564,1.279,0.507,0.250,0.121,0.043,0.001,0.001,0.001,0.001,0.001
285,417.498,257.594,85.860,42.927,21.460,10.297,5.145,2.569,1.281,0.508,0.251,0.121,0.043,0.001,0.001,0.001,0.001,0.001
286,418.246,258.055,86.014,43.004,21.498,10.316,5.154,2.574,1.283,0.509,0.251,0.122,0.043,0.001,0.001,0.001,0.001,0.001
287,418.995,258.517,86.168,43.081,21.537,10.334,5.164,2.578,1.286,0.510,0.252,0.122,0.043,0.001,0.001,0.001,0.001,0.001
288,419.743,258.979,86.322,43.157,21.575,10.353,5.173,2.583,1.288,0.511,0.252,0.122,0.044,0.001,0.001,0.001,0.001,0.001
289,420.491,259.440,86.476,43.234,21.614,10.371,5.182,2.588,1.290,0.512,0.253,0.123,0.044,0.001,0.001,0.001,0.001,0.001
290,421.239,259.902,86.629,43.311,21.652,10.390,5.191,2.592,1.293,0.513,0.253,0.123,0.044,0.001,0.001,0.001,0.001,0.001
291,421.987,260.363,86.783,43.388,21.691,10.408,5.201,2.597,1.295,0.514,0.254,0.123,0.044,0.001,0.001,0.001,0.001,0.001
292,422.735,260.825,86.937,43.465,21.729,10.427,5.210,2.602,1.298,0.515,0.254,0.123,0.044,0.001,0.001,0.001,0.001,0.001
293,423.483,261.286,87.091,43.542,21.768,10.445,5.219,2.606,1.300,0.516,0.254,0.124,0.044,0.001,0.001,0.001,0.001,0.001
294,424.231,261.748,87.245,43.619,21.806,10.464,5.229,2.611,1.302,0.517,0.255,0.124,0.044,0.001,0.001,0.001,0.001,0.001
295,424.979,262.209,87.399,43.696,21.845,10.482,5.238,2.616,1.305,0.518,0.255,0.124,0.045,0.001,0.001,0.001,0.001,0.001
296,425.727,262.671,87.553,43.773,21.883,10.501,5.247,2.620,1.307,0.519,0.256,0.124,0.045,0.001,0.001,0.001,0.001,0.001
297,426.475,263.133,87.707,43.850,21.922,10.519,5.256,2.625,1.309,0.520,0.256,0.125,0.045,0.001,0.001,0.001,0.001,0.001
298,427.223,263.594,87.860,43.927,21.960,10.538,5.266,2.630,1.312,0.521,0.257,0.125,0.045,0.001,0.001,0.001,0.001,0.001
299,427.971,264.056,88.014,44.004,21.999,10.556,5.275,2.634,1.314,0.522,0.257,0.125,0.045,0.001,0.001,0.001,0.001,0.001
300,428.719,264.517,88.168,44.081,22.037,10.575,5.284,2.639,1.316,0.523,0.258,0.126,0.045,0.001,0.001,0.001,0.001,0.001
301,429.467,264.979,88.322,44.158,22.076,10.593,5.293,2.644,1.319,0.524,0.258,0.126,0.045,0.001,0.001,0.001,0.001,0.001
302,430.215,265.440,88.476,44.235,22.114,10.612,5.303,2.648,1.321,0.525,0.259,0.126,0.046,0.001,0.001,0.001,0.001,0.001
303,430.963,265.902,88.630,44.312,22.153,10.630,5.312,2.653,1.323,0.525,0.259,0.126,0.046,0.001,0.001,0.001,0.001,0.001
304,431.711,266.364,88.784,44.389,22.191,10.649,5.321,2.657,1.326,0.526,0.260,0.127,0.046,0.001,0.001,0.001,0.001,0.001
305,432.459,266.825,88.938,44.466,22.230,10.667,5.330,2.662,1.328,0.527,0.260,0.127,0.046,0.001,0.001,0.001,0.001,0.001
306,433.207,267.287,89.091,44.543,22.268,10.686,5.340,2.667,1.330,0.528,0.261,0.127,0.046,0.001,0.001,0.001,0.001,0.001
307,433.955,267.748,89.245,44.620,22.307,10.704,5.349,2.671,1.333,0.529,0.261,0.127,0.046,0.001,0.001,0.001,0.001,0.001
308,434.704,268.210,89.399,44.697,22.345,10.723,5.358,2.676,1.335,0.530,0.262,0.128,0.046,0.001,0.001,0.001,0.001,0.001
309,435.452,268.671,89.553,44.773,22.384,10.741,5.367,2.681,1.337,0.531,0.262,0.128,0.047,0.001,0.001,0.001,0.001,0.001
310,436.200,269.133,89.707,44.850,22.422,10.760,5.377,2.685,1.340,0.532,0.263,0.128,0.047,0.001,0.001,0.001,0.001,0.001
311,436.948,269.594,89.861,44.927,22.461,10.778,5.386,2.690,1.342,0.533,0.263,0.128,0.047,0.018,0.001,0.001,0.001,0.001
312,437.696,270.056,90.015,45.004,22.499,10.796,5.395,2.695,1.344,0.534,0.264,0.129,0.047,0.018,0.001,0.001,0.001,0.001
313,438.444,270.518,90.169,45.081,22.538,10.815,5.405,2.699,1.347,0.535,0.264,0.129,0.047,0.018,0.001,0.001,0.001,0.001
314,439.192,270.979,90.322,45.158,22.576,10.833,5.414,2.704,1.349,0.536,0.265,0.129,0.047,0.018,0.001,0.001,0.001,0.001
315,439.940,271.441,90.476,45.235,22.615,10.852,5.423,2.709,1.351,0.537,0.265,0.129,0.047,0.019,0.001,0.001,0.001,0.001
316,440.688,271.902,90.630,45.312,22.653,10.870,5.432,2.713,1.354,0.538,0.266,0.130,0.048,0.019,0.001,0.001,0.001,0.001
317,441.436,272.364,90.784,45.389,22.692,10.889,5.442,2.718,1.356,0.539,0.266,0.130,0.048,0.019,0.001,0.001,0.001,0.001
318,442.184,272.825,90.938,45.466,22.730,10.907,5.451,2.722,1.358,0.540,0.267,0.130,0.048,0.019,0.001,0.001,0.001,0.001
319,442.932,273.287,91.092,45.543,22.769,10.926,5.460,2.727,1.361,0.541,0.267,0.131,0.048,0.019,0.001,0.001,0.001,0.001
320,443.680,273.748,91.246,45.620,22.807,10.944,5.469,2.732,1.363,0.542,0.268,0.131,0.048,0.019,0.001,0.001,0.001,0.001
321,444.428,274.210,91.399,45.697,22.846,10.963,5.479,2.736,1.365,0.543,0.268,0.131,0.048,0.019,0.001,0.001,0.001,0.001
322,445.176,274.671,91.553,45.774,22.884,10.981,5.488,2.741,1.368,0.544,0.269,0.131,0.048,0.020,0.001,0.001,0.001,0.001
323,445.924,275.133,91.707,45.851,22.923,11.000,5.497,2.746,1.370,0.545,0.269,0.132,0.049,0.020,0.001,0.001,0.001,0.001
324,446.672,275.595,91.861,45.928,22.961,11.018,5.506,2.750,1.372,0.545,0.270,0.132,0.049,0.020,0.001,0.001,0.001,0.001
325,447.420,276.056,92.015,46.005,23.000,11.037,5.516,2.755,1.375,0.546,0.270,0.132,0.049,0.020,0.001,0.001,0.001,0.001
326,448.168,276.518,92.169,46.082,23.038,11.055,5.525,2.760,1.377,0.547,0.271,0.132,0.049,0.020,0.001,0.001,0.001,0.001
327,448.916,276.979,92.323,46.159,23.076,11.074,5.534,2.764,1.379,0.548,0.271,0.133,0.049,0.020,0.001,0.001,0.001,0.001
328,449.664,277.441,92.477,46.236,23.115,11.092,5.543,2.769,1.382,0.549,0.272,0.133,0.049,0.020,0.001,0.001,0.001,0.001
329,450.412,277.902,92.630,46.312,23.153,11.111,5.553,2.774,1.384,0.550,0.272,0.133,0.049,0.020,0.001,0.001,0.001,0.001
330,451.160,278.364,92.784,46.389,23.192,11.129,5.562,2.778,1.386,0.551,0.273,0.133,0.049,0.020,0.001,0.001,0.001,0.001
331,451.909,278.825,92.938,46.466,23.230,11.148,5.571,2.783,1.389,0.552,0.273,0.134,0.050,0.021,0.002,0.001,0.001,0.001
332,452.657,279.287,93.092,46.543,23.269,11.166,5.580,2.787,1.391,0.553,0.274,0.134,0.050,0.021,0.002,0.001,0.001,0.001
333,453.405,279.749,93.246,46.620,23.307,11.185,5.590,2.792,1.393,0.554,0.274,0.134,0.050,0.021,0.002,0.001,0.001,0.001
334,454.153,280.210,93.400,46.697,23.346,11.203,5.599,2.797,1.396,0.555,0.275,0.134,0.050,0.021,0.002,0.001,0.001,0.001
335,454.901,280.672,93.554,46.774,23.384,11.222,5.608,2.801,1.398,0.556,0.275,0.135,0.050,0.021,0.002,0.001,0.001,0.001
336,455.649,281.133,93.708,46.851,23.423,11.240,5.617,2.806,1.400,0.557,0.276,0.135,0.050,0.021,0.002,0.001,0.001,0.001
337,456.397,281.595,93.861,46.928,23.461,11.259,5.627,2.811,1.403,0.558,0.276,0.135,0.050,0.021,0.002,0.001,0.001,0.001
338,457.145,282.056,94.015,47.005,23.500,11.277,5.636,2.815,1.405,0.559,0.277,0.136,0.050,0.021,0.002,0.001,0.001,0.001
339,457.893,282.518,94.169,47.082,23.538,11.296,5.645,2.820,1.407,0.560,0.277,0.136,0.051,0.021,0.002,0.001,0.001,0.001
340,458.641,282.979,94.323,47.159,23.577,11.314,5.654,2.825,1.410,0.561,0.278,0.136,0.051,0.021,0.002,0.001,0.001,0.001
341,459.389,283.441,94.477,47.236,23.615,11.333,5.664,2.829,1.412,0.562,0.278,0.136,0.051,0.022,0.002,0.001,0.001,0.001
342,460.137,283.903,94.631,47.313,23.654,11.351,5.673,2.834,1.414,0.563,0.279,0.137,0.051,0.022,0.002,0.001,0.001,0.001
343,460.885,284.364,94.785,47.390,23.692,11.370,5.682,2.839,1.417,0.564,0.279,0.137,0.051,0.022,0.002,0.001,0.001,0.001
344,461.633,284.826,94.938,47.467,23.731,11.388,5.691,2.843,1.419,0.564,0.280,0.137,0.051,0.022,0.002,0.001,0.001,0.001
345,462.381,285.287,95.092,47.544,23.769,11.407,5.701,2.848,1.421,0.565,0.280,0.137,0.051,0.022,0.002,0.001,0.001,0.001
346,463.129,285.749,95.246,47.621,23.808,11.425,5.710,2.852,1.424,0.566,0.281,0.138,0.051,0.022,0.002,0.001,0.001,0.001
347,463.877,286.210,95.400,47.697,23.846,11.444,5.719,2.857,1.426,0.567,0.281,0.138,0.052,0.022,0.002,0.001,0.001,0.001
348,464.625,286.672,95.554,47.774,23.885,11.462,5.728,2.862,1.428,0.568,0.282,0.138,0.052,0.022,0.002,0.001,0.001,0.001
349,465.373,287.133,95.708,47.851,23.923,11.480,5.738,2.866,1.431,0.569,0.282,0.138,0.052,0.022,0.002,0.001,0.001,0.001
350,466.121,287.595,95.862,47.928,23.962,11.499,5.747,2.871,1.433,0.570,0.282,0.139,0.052,0.022,0.002,0.001,0.001,0.001
351,466.869,288.056,96.015,48.005,24.000,11.517,5.756,2.876,1.435,0.571,0.283,0.139,0.052,0.023,0.002,0.001,0.001,0.001
352,467.617,288.518,96.169,48.082,24.039,11.536,5.765,2.880,1.438,0.572,0.283,0.139,0.052,0.023,0.002,0.001,0.001,0.001
353,468.365,288.980,96.323,48.159,24.077,11.554,5.775,2.885,1.440,0.573,0.284,0.139,0.052,0.023,0.002,0.002,0.001,0.001
354,469.113,289.441,96.477,48.236,24.116,11.573,5.784,2.890,1.442,0.574,0.284,0.140,0.052,0.023,0.002,0.002,0.001,0.001
355,469.861,289.903,96.631,48.313,24.154,11.591,5.793,2.894,1.445,0.575,0.285,0.140,0.053,0.023,0.002,0.002,0.001,0.001
356,470.610,290.364,96.785,48.390,24.193,11.610,5.802,2.899,1.447,0.576,0.285,0.140,0.053,0.023,0.002,0.002,0.001,0.001
357,471.358,290.826,96.939,48.467,24.231,11.628,5.812,2.903,1.449,0.577,0.286,0.140,0.053,0.023,0.002,0.002,0.001,0.001
358,472.106,291.287,97.093,48.544,24.270,11.647,5.821,2.908,1.452,0.578,0.286,0.141,0.053,0.023,0.002,0.002,0.001,0.001
359,472.854,291.749,97.246,48.621,24.308,11.665,5.830,2.913,1.454,0.579,0.287,0.141,0.053,0.023,0.002,0.002,0.001,0.001
360,473.602,292.210,97.400,48.698,24.346,11.684,5.840,2.917,1.456,0.580,0.287,0.141,0.053,0.023,0.002,0.002,0.001,0.001
361,474.350,292.672,97.554,48.775,24.385,11.702,5.849,2.922,1.459,0.581,0.288,0.141,0.053,0.023,0.002,0.002,0.001,0.001
362,475.098,293.133,97.708,48.852,24.423,11.721,5.858,2.927,1.461,0.581,0.288,0.142,0.053,0.023,0.002,0.002,0.001,0.001
363,475.846,293.595,97.862,48.929,24.462,11.739,5.867,2.931,1.463,0.582,0.289,0.142,0.054,0.024,0.002,0.002,0.001,0.001
364,476.594,294.057,98.016,49.006,24.500,11.758,5.877,2.936,1.466,0.583,0.289,0.142,0.054,0.024,0.002,0.002,0.001,0.001
365,477.342,294.518,98.170,49.082,24.539,11.776,5.886,2.941,1.468,0.584,0.290,0.142,0.054,0.024,0.002,0.002,0.001,0.001
366,478.090,294.980,98.323,49.159,24.577,11.795,5.895,2.945,1.470,0.585,0.290,0.143,0.054,0.024,0.006,0.002,0.001,0.001
367,478.838,295.441,98.477,49.236,24.616,11.813,5.904,2.950,1.473,0.586,0.291,0.143,0.054,0.024,0.006,0.002,0.001,0.001
368,479.586,295.903,98.631,49.313,24.654,11.832,5.914,2.954,1.475,0.587,0.291,0.143,0.054,0.024,0.007,0.002,0.001,0.001
369,480.334,296.364,98.785,49.390,24.693,11.850,5.923,2.959,1.477,0.588,0.292,0.143,0.054,0.024,0.007,0.002,0.001,0.001
370,481.082,296.826,98.939,49.467,24.731,11.869,5.932,2.964,1.480,0.589,0.292,0.144,0.054,0.024,0.007,0.002,0.001,0.001
371,481.830,297.287,99.093,49.544,24.770,11.887,5.941,2.968,1.482,0.590,0.293,0.144,0.054,0.024,0.007,0.002,0.001,0.001
372,482.578,297.749,99.247,49.621,24.808,11.906,5.951,2.973,1.484,0.591,0.293,0.144,0.055,0.024,0.007,0.002,0.001,0.001
373,483.326,298.210,99.400,49.698,24.847,11.924,5.960,2.978,1.487,0.592,0.294,0.144,0.055,0.024,0.007,0.002,0.001,0.001
374,484.074,298.672,99.554,49.775,24.885,11.943,5.969,2.982,1.489,0.593,0.294,0.145,0.055,0.024,0.008,0.002,0.001,0.001
375,484.822,299.134,99.708,49.852,24.924,11.961,5.978,2.987,1.491,0.594,0.295,0.145,0.055,0.025,0.008,0.002,0.002,0.001
376,485.570,299.595,99.862,49.929,24.962,11.980,5.988,2.992,1.494,0.595,0.295,0.145,0.055,0.025,0.008,0.002,0.002,0.001
377,486.318,300.057,100.016,50.006,25.001,11.998,5.997,2.996,1.496,0.596,0.296,0.145,0.055,0.025,0.008,0.002,0.002,0.001
378,487.066,300.518,100.170,50.083,25.039,12.016,6.006,3.001,1.498,0.597,0.296,0.146,0.055,0.025,0.008,0.002,0.002,0.001
379,487.814,300.980,100.324,50.160,25.078,12.035,6.015,3.005,1.500,0.598,0.297,0.146,0.055,0.025,0.008,0.002,0.002,0.001
380,488.562,301.441,100.478,50.237,25.116,12.053,6.025,3.010,1.503,0.598,0.297,0.146,0.056,0.025,0.008,0.002,0.002,0.001
381,489.310,301.903,100.631,50.313,25.155,12.072,6.034,3.015,1.505,0.599,0.297,0.146,0.056,0.025,0.008,0.002,0.002,0.001
382,490.058,302.364,100.785,50.390,25.193,12.090,6.043,3.019,1.507,0.600,0.298,0.147,0.056,0.025,0.008,0.002,0.002,0.001
383,490.806,302.826,100.939,50.467,25.232,12.109,6.052,3.024,1.510,0.601,0.298,0.147,0.056,0.025,0.009,0.002,0.002,0.001
384,491.555,303.287,101.093,50.544,25.270,12.127,6.062,3.029,1.512,0.602,0.299,0.147,0.056,0.025,0.009,0.002,0.002,0.001
385,492.303,303.749,101.247,50.621,25.308,12.146,6.071,3.033,1.514,0.603,0.299,0.147,0.056,0.025,0.009,0.002,0.002,0.001
386,493.051,304.211,101.401,50.698,25.347,12.164,6.080,3.038,1.517,0.604,0.300,0.148,0.056,0.025,0.009,0.002,0.002,0.001
387,493.799,304.672,101.555,50.775,25.385,12.183,6.089,3.042,1.519,0.605,0.300,0.148,0.056,0.025,0.009,0.002,0.002,0.001
388,494.547,305.134,101.708,50.852,25.424,12.201,6.099,3.047,1.521,0.606,0.301,0.148,0.056,0.026,0.009,0.002,0.002,0.001
389,495.295,305.595,101.862,50.929,25.462,12.220,6.108,3.052,1.524,0.607,0.301,0.148,0.057,0.026,0.009,0.002,0.002,0.001
390,496.043,306.057,102.016,51.006,25.501,12.238,6.117,3.056,1.526,0.608,0.302,0.149,0.057,0.026,0.009,0.002,0.002,0.001
391,496.791,306.518,102.170,51.083,25.539,12.257,6.126,3.061,1.528,0.609,0.302,0.149,0.057,0.026,0.009,0.002,0.002,0.001
392,497.539,306.980,102.324,51.160,25.578,12.275,6.136,3.066,1.531,0.610,0.303,0.149,0.057,0.026,0.009,0.002,0.002,0.001
393,498.287,307.441,102.478,51.237,25.616,12.294,6.145,3.070,1.533,0.611,0.303,0.149,0.057,0.026,0.009,0.002,0.002,0.001
394,499.035,307.903,102.632,51.314,25.655,12.312,6.154,3.075,1.535,0.612,0.304,0.150,0.057,0.026,0.010,0.002,0.002,0.001
395,499.783,308.364,102.785,51.391,25.693,12.331,6.163,3.080,1.538,0.613,0.304,0.150,0.057,0.026,0.010,0.002,0.002,0.001
396,500.531,308.826,102.939,51.468,25.732,12.349,6.172,3.084,1.540,0.614,0.305,0.150,0.057,0.026,0.010,0.002,0.002,0.001
397,501.279,309.288,103.093,51.545,25.770,12.368,6.182,3.089,1.542,0.614,0.305,0.150,0.058,0.026,0.010,0.002,0.002,0.001
398,502.027,309.749,103.247,51.621,25.809,12.386,6.191,3.093,1.545,0.615,0.306,0.151,0.058,0.026,0.010,0.002,0.002,0.001
399,502.775,310.211,103.401,51.698,25.847,12.405,6.200,3.098,1.547,0.616,0.306,0.151,0.058,0.026,0.010,0.002,0.002,0.001
400,503.523,310.672,103.555,51.775,25.886,12.423,6.209,3.103,1.549,0.617,0.307,0.151,0.058,0.026,0.010,0.002,0.002,0.001
401,504.271,311.134,103.709,51.852,25.924,12.441,6.219,3.107,1.552,0.618,0.307,0.151,0.058,0.027,0.010,0.002,0.002,0.001
402,505.019,311.595,103.862,51.929,25.963,12.460,6.228,3.112,1.554,0.619,0.308,0.152,0.058,0.027,0.010,0.002,0.002,0.001
403,505.767,312.057,104.016,52.006,26.001,12.478,6.237,3.117,1.556,0.620,0.308,0.152,0.058,0.027,0.010,0.002,0.002,0.001
404,506.515,312.518,104.170,52.083,26.040,12.497,6.246,3.121,1.559,0.621,0.309,0.152,0.058,0.027,0.010,0.002,0.002,0.001
405,507.263,312.980,104.324,52.160,26.078,12.515,6.256,3.126,1.561,0.622,0.309,0.152,0.058,0.027,0.010,0.002,0.002,0.001
406,508.011,313.441,104.478,52.237,26.117,12.534,6.265,3.131,1.563,0.623,0.309,0.153,0.059,0.027,0.010,0.002,0.002,0.001
407,508.759,313.903,104.632,52.314,26.155,12.552,6.274,3.135,1.566,0.624,0.310,0.153,0.059,0.027,0.010,0.002,0.002,0.001
408,509.507,314.365,104.786,52.391,26.193,12.571,6.283,3.140,1.568,0.625,0.310,0.153,0.059,0.027,0.010,0.002,0.002,0.001
409,510.255,314.826,104.939,52.468,26.232,12.589,6.293,3.144,1.570,0.626,0.311,0.153,0.059,0.027,0.011,0.002,0.002,0.001
410,511.003,315.288,105.093,52.545,26.270,12.608,6.302,3.149,1.573,0.627,0.311,0.154,0.059,0.027,0.011,0.002,0.002,0.001
411,511.751,315.749,105.247,52.622,26.309,12.626,6.311,3.154,1.575,0.628,0.312,0.154,0.059,0.027,0.011,0.002,0.002,0.001
412,512.499,316.211,105.401,52.699,26.347,12.645,6.320,3.158,1.577,0.629,0.312,0.154,0.059,0.027,0.011,0.002,0.002,0.001
413,513.247,316.672,105.555,52.776,26.386,12.663,6.330,3.163,1.580,0.630,0.313,0.154,0.059,0.027,0.011,0.002,0.002,0.001
414,513.996,317.134,105.709,52.852,26.424,12.682,6.339,3.168,1.582,0.630,0.313,0.155,0.059,0.027,0.011,0.002,0.002,0.001
415,514.744,317.595,105.863,52.929,26.463,12.700,6.348,3.172,1.584,0.631,0.314,0.155,0.060,0.027,0.011,0.002,0.002,0.001
416,515.492,318.057,106.016,53.006,26.501,12.719,6.357,3.177,1.587,0.632,0.314,0.155,0.060,0.028,0.011,0.002,0.002,0.001
417,516.240,318.518,106.170,53.083,26.540,12.737,6.367,3.181,1.589,0.633,0.315,0.155,0.060,0.028,0.011,0.002,0.002,0.001
418,516.988,318.980,106.324,53.160,26.578,12.756,6.376,3.186,1.591,0.634,0.315,0.156,0.060,0.028,0.011,0.002,0.002,0.002
419,517.736,319.441,106.478,53.237,26.617,12.774,6.385,3.191,1.593,0.635,0.316,0.156,0.060,0.028,0.011,0.002,0.002,0.002
420,518.484,319.903,106.632,53.314,26.655,12.793,6.394,3.195,1.596,0.636,0.316,0.156,0.060,0.028,0.011,0.002,0.002,0.002
421,519.232,320.365,106.786,53.391,26.694,12.811,6.404,3.200,1.598,0.637,0.317,0.156,0.060,0.028,0.011,0.002,0.002,0.002
422,519.980,320.826,106.940,53.468,26.732,12.830,6.413,3.205,1.600,0.638,0.317,0.157,0.060,0.028,0.011,0.002,0.002,0.002
423,520.728,321.288,107.093,53.545,26.771,12.848,6.422,3.209,1.603,0.639,0.318,0.157,0.060,0.028,0.011,0.002,0.002,0.002
424,521.476,321.749,107.247,53.622,26.809,12.866,6.431,3.214,1.605,0.640,0.318,0.157,0.061,0.028,0.011,0.002,0.002,0.002
425,522.224,322.211,107.401,53.699,26.848,12.885,6.441,3.219,1.607,0.641,0.319,0.157,0.061,0.028,0.011,0.003,0.002,0.002
426,522.972,322.672,107.555,53.776,26.886,12.903,6.450,3.223,1.610,0.642,0.319,0.158,0.061,0.028,0.012,0.003,0.002,0.002
427,523.720,323.134,107.709,53.853,26.925,12.922,6.459,3.228,1.612,0.643,0.319,0.158,0.061,0.028,0.012,0.003,0.002,0.002
428,524.468,323.595,107.863,53.930,26.963,12.940,6.468,3.232,1.614,0.644,0.320,0.158,0.061,0.028,0.012,0.003,0.002,0.002
429,525.216,324.057,108.017,54.007,27.001,12.959,6.478,3.237,1.617,0.645,0.320,0.158,0.061,0.028,0.012,0.003,0.002,0.002
430,525.964,324.518,108.170,54.083,27.040,12.977,6.487,3.242,1.619,0.645,0.321,0.159,0.061,0.028,0.012,0.003,0.002,0.002
431,526.712,324.980,108.324,54.160,27.078,12.996,6.496,3.246,1.621,0.646,0.321,0.159,0.061,0.029,0.012,0.003,0.002,0.002
432,527.460,325.442,108.478,54.237,27.117,13.014,6.505,3.251,1.624,0.647,0.322,0.159,0.061,0.029,0.012,0.003,0.002,0.002
433,528.208,325.903,108.632,54.314,27.155,13.033,6.515,3.256,1.626,0.648,0.322,0.159,0.061,0.029,0.012,0.003,0.002,0.002
434,528.956,326.365,108.786,54.391,27.194,13.051,6.524,3.260,1.628,0.649,0.323,0.160,0.062,0.029,0.012,0.003,0.002,0.002
435,529.704,326.826,108.940,54.468,27.232,13.070,6.533,3.265,1.631,0.650,0.323,0.160,0.062,0.029,0.012,0.003,0.002,0.002
436,530.452,327.288,109.094,54.545,27.271,13.088,6.542,3.269,1.633,0.651,0.324,0.160,0.062,0.029,0.012,0.003,0.002,0.002
437,531.200,327.749,109.247,54.622,27.309,13.107,6.552,3.274,1.635,0.652,0.324,0.160,0.062,0.029,0.012,0.003,0.002,0.002
438,531.948,328.211,109.401,54.699,27.348,13.125,6.561,3.279,1.638,0.653,0.325,0.161,0.062,0.029,0.012,0.003,0.002,0.002
439,532.696,328.672,109.555,54.776,27.386,13.144,6.570,3.283,1.640,0.654,0.325,0.161,0.062,0.029,0.012,0.003,0.002,0.002
440,533.444,329.134,109.709,54.853,27.425,13.162,6.579,3.288,1.642,0.655,0.326,0.161,0.062,0.029,0.012,0.003,0.002,0.002
441,534.192,329.595,109.863,54.930,27.463,13.181,6.589,3.293,1.645,0.656,0.326,0.161,0.062,0.029,0.012,0.003,0.002,0.002
442,534.940,330.057,110.017,55.007,27.502,13.199,6.598,3.297,1.647,0.657,0.327,0.162,0.062,0.029,0.012,0.003,0.002,0.002
443,535.688,330.518,110.171,55.084,27.540,13.217,6.607,3.302,1.649,0.658,0.327,0.162,0.063,0.029,0.012,0.003,0.002,0.002
444,536.436,330.980,110.324,55.161,27.579,13.236,6.616,3.306,1.652,0.659,0.328,0.162,0.063,0.029,0.012,0.003,0.002,0.002
445,537.184,331.442,110.478,55.237,27.617,13.254,6.626,3.311,1.654,0.660,0.328,0.162,0.063,0.029,0.012,0.003,0.002,0.002
446,537.933,331.903,110.632,55.314,27.656,13.273,6.635,3.316,1.656,0.660,0.329,0.163,0.063,0.030,0.013,0.004,0.002,0.002
447,538.681,332.365,110.786,55.391,27.694,13.291,6.644,3.320,1.659,0.661,0.329,0.163,0.063,0.030,0.013,0.004,0.002,0.002
448,539.429,332.826,110.940,55.468,27.732,13.310,6.653,3.325,1.661,0.662,0.329,0.163,0.063,0.030,0.013,0.004,0.002,0.002
449,540.177,333.288,111.094,55.545,27.771,13.328,6.663,3.330,1.663,0.663,0.330,0.163,0.063,0.030,0.013,0.004,0.002,0.002
450,540.925,333.749,111.248,55.622,27.809,13.347,6.672,3.334,1.665,0.664,0.330,0.164,0.063,0.030,0.013,0.004,0.002,0.002
451,541.673,334.211,111.401,55.699,27.848,13.365,6.681,3.339,1.668,0.665,0.331,0.164,0.063,0.030,0.013,0.004,0.002,0.002
452,542.421,334.672,111.555,55.776,27.886,13.384,6.690,3.343,1.670,0.666,0.331,0.164,0.064,0.030,0.013,0.004,0.002,0.002
453,543.169,335.134,111.709,55.853,27.925,13.402,6.699,3.348,1.672,0.667,0.332,0.164,0.064,0.030,0.013,0.004,0.002,0.002
454,543.917,335.595,111.863,55.930,27.963,13.421,6.709,3.353,1.675,0.668,0.332,0.165,0.064,0.030,0.013,0.004,0.002,0.002
455,544.665,336.057,112.017,56.007,28.002,13.439,6.718,3.357,1.677,0.669,0.333,0.165,0.064,0.030,0.013,0.004,0.002,0.002
456,545.413,336.518,112.171,56.084,28.040,13.458,6.727,3.362,1.679,0.670,0.333,0.165,0.064,0.030,0.013,0.004,0.002,0.002
457,546.161,336.980,112.325,56.161,28.079,13.476,6.736,3.367,1.682,0.671,0.334,0.165,0.064,0.030,0.013,0.004,0.002,0.002
458,546.909,337.442,112.478,56.238,28.117,13.495,6.746,3.371,1.684,0.672,0.334,0.165,0.064,0.030,0.013,0.004,0.002,0.002
459,547.657,337.903,112.632,56.315,28.156,13.513,6.755,3.376,1.686,0.673,0.335,0.166,0.064,0.030,0.013,0.004,0.002,0.002
460,548.405,338.365,112.786,56.391,28.194,13.532,6.764,3.381,1.689,0.674,0.335,0.166,0.064,0.030,0.013,0.004,0.002,0.002
461,549.153,338.826,112.940,56.468,28.233,13.550,6.773,3.385,1.691,0.675,0.336,0.166,0.064,0.030,0.013,0.004,0.002,0.002
462,549.901,339.288,113.094,56.545,28.271,13.568,6.783,3.390,1.693,0.675,0.336,0.166,0.065,0.031,0.013,0.004,0.002,0.002
463,550.649,339.749,113.248,56.622,28.310,13.587,6.792,3.394,1.696,0.676,0.337,0.167,0.065,0.031,0.013,0.004,0.002,0.002
464,551.397,340.211,113.402,56.699,28.348,13.605,6.801,3.399,1.698,0.677,0.337,0.167,0.065,0.031,0.013,0.004,0.002,0.002
465,552.145,340.672,113.555,56.776,28.387,13.624,6.810,3.404,1.700,0.678,0.338,0.167,0.065,0.031,0.013,0.004,0.002,0.002
466,552.893,341.134,113.709,56.853,28.425,13.642,6.820,3.408,1.703,0.679,0.338,0.167,0.065,0.031,0.013,0.004,0.002,0.002
467,553.641,341.595,113.863,56.930,28.463,13.661,6.829,3.413,1.705,0.680,0.339,0.168,0.065,0.031,0.013,0.004,0.002,0.002
468,554.389,342.057,114.017,57.007,28.502,13.679,6.838,3.418,1.707,0.681,0.339,0.168,0.065,0.031,0.014,0.004,0.002,0.002
469,555.137,342.518,114.171,57.084,28.540,13.698,6.847,3.422,1.710,0.682,0.339,0.168,0.065,0.031,0.014,0.005,0.002,0.002
470,555.885,342.980,114.325,57.161,28.579,13.716,6.857,3.427,1.712,0.683,0.340,0.168,0.065,0.031,0.014,0.005,0.002,0.002
471,556.633,343.442,114.478,57.238,28.617,13.735,6.866,3.431,1.714,0.684,0.340,0.169,0.066,0.031,0.014,0.005,0.002,0.002
472,557.381,343.903,114.632,57.315,28.656,13.753,6.875,3.436,1.717,0.685,0.341,0.169,0.066,0.031,0.014,0.005,0.002,0.002
473,558.129,344.365,114.786,57.392,28.694,13.772,6.884,3.441,1.719,0.686,0.341,0.169,0.066,0.031,0.014,0.005,0.002,0.002
474,558.877,344.826,114.940,57.469,28.733,13.790,6.894,3.445,1.721,0.687,0.342,0.169,0.066,0.031,0.014,0.005,0.002,0.002
475,559.625,345.288,115.094,57.545,28.771,13.809,6.903,3.450,1.723,0.688,0.342,0.170,0.066,0.031,0.014,0.005,0.002,0.002
476,560.373,345.749,115.248,57.622,28.810,13.827,6.912,3.455,1.726,0.689,0.343,0.170,0.066,0.031,0.014,0.005,0.002,0.002
477,561.121,346.211,115.402,57.699,28.848,13.846,6.921,3.459,1.728,0.689,0.343,0.170,0.066,0.031,0.014,0.005,0.003,0.002
478,561.869,346.672,115.555,57.776,28.887,13.864,6.931,3.464,1.730,0.690,0.344,0.170,0.066,0.032,0.014,0.005,0.003,0.002
479,562.617,347.134,115.709,57.853,28.925,13.883,6.940,3.468,1.733,0.691,0.344,0.171,0.066,0.032,0.014,0.005,0.003,0.002
480,563.365,347.595,115.863,57.930,28.964,13.901,6.949,3.473,1.735,0.692,0.345,0.171,0.067,0.032,0.014,0.005,0.003,0.002
481,564.114,348.057,116.017,58.007,29.002,13.919,6.958,3.478,1.737,0.693,0.345,0.171,0.067,0.032,0.014,0.005,0.003,0.002
482,564.862,348.518,116.171,58.084,29.041,13.938,6.968,3.482,1.740,0.694,0.346,0.171,0.067,0.032,0.014,0.005,0.003,0.002
483,565.610,348.980,116.325,58.161,29.079,13.956,6.977,3.487,1.742,0.695,0.346,0.172,0.067,0.032,0.014,0.005,0.003,0.002
484,566.358,349.442,116.479,58.238,29.117,13.975,6.986,3.492,1.744,0.696,0.347,0.172,0.067,0.032,0.014,0.005,0.003,0.002
485,567.106,349.903,116.632,58.315,29.156,13.993,6.995,3.496,1.747,0.697,0.347,0.172,0.067,0.032,0.014,0.005,0.003,0.002
486,567.854,350.365,116.786,58.392,29.194,14.012,7.004,3.501,1.749,0.698,0.347,0.172,0.067,0.032,0.014,0.005,0.003,0.002
487,568.602,350.826,116.940,58.469,29.233,14.030,7.014,3.505,1.751,0.699,0.348,0.173,0.067,0.032,0.014,0.005,0.003,0.002
488,569.350,351.288,117.094,58.546,29.271,14.049,7.023,3.510,1.754,0.700,0.348,0.173,0.067,0.032,0.014,0.005,0.003,0.002
489,570.098,351.749,117.248,58.623,29.310,14.067,7.032,3.515,1.756,0.701,0.349,0.173,0.067,0.032,0.014,0.005,0.003,0.002
490,570.846,352.211,117.402,58.699,29.348,14.086,7.041,3.519,1.758,0.702,0.349,0.173,0.068,0.032,0.014,0.005,0.003,0.002
491,571.594,352.672,117.556,58.776,29.387,14.104,7.051,3.524,1.761,0.703,0.350,0.174,0.068,0.032,0.014,0.005,0.003,0.002
492,572.342,353.134,117.709,58.853,29.425,14.123,7.060,3.529,1.763,0.703,0.350,0.174,0.068,0.032,0.014,0.005,0.003,0.002
493,573.090,353.595,117.863,58.930,29.464,14.141,7.069,3.533,1.765,0.704,0.351,0.174,0.068,0.032,0.015,0.005,0.003,0.002
494,573.838,354.057,118.017,59.007,29.502,14.160,7.078,3.538,1.768,0.705,0.351,0.174,0.068,0.032,0.015,0.005,0.003,0.002
495,574.586,354.518,118.171,59.084,29.541,14.178,7.088,3.542,1.770,0.706,0.352,0.174,0.068,0.033,0.015,0.005,0.003,0.002
496,575.334,354.980,118.325,59.161,29.579,14.197,7.097,3.547,1.772,0.707,0.352,0.175,0.068,0.033,0.015,0.005,0.003,0.002
497,576.082,355.442,118.479,59.238,29.618,14.215,7.106,3.552,1.774,0.708,0.353,0.175,0.068,0.033,0.015,0.006,0.003,0.002
498,576.830,355.903,118.633,59.315,29.656,14.234,7.115,3.556,1.777,0.709,0.353,0.175,0.068,0.033,0.015,0.006,0.003,0.002
499,577.578,356.365,118.786,59.392,29.695,14.252,7.125,3.561,1.779,0.710,0.354,0.175,0.068,0.033,0.015,0.006,0.003,0.002
500,578.326,356.826,118.940,59.469,29.733,14.270,7.134,3.566,1.781,0.711,0.354,0.176,0.069,0.033,0.015,0.006,0.003,0.002
501,579.074,357.288,119.094,59.546,29.772,14.289,7.143,3.570,1.784,0.712,0.355,0.176,0.069,0.033,0.015,0.006,0.003,0.002
502,579.822,357.749,119.248,59.623,29.810,14.307,7.152,3.575,1.786,0.713,0.355,0.176,0.069,0.033,0.015,0.006,0.003,0.002
503,580.570,358.211,119.402,59.700,29.848,14.326,7.162,3.579,1.788,0.714,0.356,0.176,0.069,0.033,0.015,0.006,0.003,0.002
504,581.318,358.672,119.556,59.776,29.887,14.344,7.171,3.584,1.791,0.715,0.356,0.177,0.069,0.033,0.015,0.006,0.003,0.002
505,582.066,359.134,119.709,59.853,29.925,14.363,7.180,3.589,1.793,0.716,0.356,0.177,0.069,0.033,0.015,0.006,0.003,0.002
506,582.814,359.595,119.863,59.930,29.964,14.381,7.189,3.593,1.795,0.717,0.357,0.177,0.069,0.033,0.015,0.006,0.003,0.002
507,583.562,360.057,120.017,60.007,30.002,14.400,7.199,3.598,1.798,0.717,0.357,0.177,0.069,0.033,0.015,0.006,0.003,0.002
508,584.310,360.518,120.171,60.084,30.041,14.418,7.208,3.603,1.800,0.718,0.358,0.178,0.069,0.033,0.015,0.006,0.003,0.002
509,585.058,360.980,120.325,60.161,30.079,14.437,7.217,3.607,1.802,0.719,0.358,0.178,0.070,0.033,0.015,0.006,0.003,0.002
510,585.806,361.441,120.479,60.238,30.118,14.455,7.226,3.612,1.805,0.720,0.359,0.178,0.070,0.033,0.015,0.006,0.003,0.002
511,586.554,361.903,120.633,60.315,30.156,14.474,7.236,3.616,1.807,0.721,0.359,0.178,0.070,0.033,0.015,0.006,0.003,0.002
512,587.302,362.365,120.786,60.392,30.195,14.492,7.245,3.621,1.809,0.722,0.360,0.179,0.070,0.034,0.015,0.006,0.003,0.002
513,588.050,362.826,120.940,60.469,30.233,14.511,7.254,3.626,1.812,0.723,0.360,0.179,0.070,0.034,0.015,0.006,0.003,0.002
514,588.798,363.288,121.094,60.546,30.272,14.529,7.263,3.630,1.814,0.724,0.361,0.179,0.070,0.034,0.015,0.006,0.003,0.002
515,589.546,363.749,121.248,60.623,30.310,14.548,7.272,3.635,1.816,0.725,0.361,0.179,0.070,0.034,0.015,0.006,0.003,0.002
516,590.294,364.211,121.402,60.700,30.349,14.566,7.282,3.640,1.819,0.726,0.362,0.180,0.070,0.034,0.015,0.006,0.003,0.002
517,591.042,364.672,121.556,60.777,30.387,14.584,7.291,3.644,1.821,0.727,0.362,0.180,0.070,0.034,0.015,0.006,0.003,0.002
518,591.790,365.134,121.710,60.854,30.425,14.603,7.300,3.649,1.823,0.728,0.363,0.180,0.070,0.034,0.015,0.006,0.003,0.002
519,592.539,365.595,121.863,60.930,30.464,14.621,7.309,3.653,1.825,0.729,0.363,0.180,0.071,0.034,0.015,0.006,0.003,0.002
520,593.287,366.057,122.017,61.007,30.502,14.640,7.319,3.658,1.828,0.730,0.364,0.180,0.071,0.034,0.016,0.006,0.003,0.002
521,594.035,366.518,122.171,61.084,30.541,14.658,7.328,3.663,1.830,0.731,0.364,0.181,0.071,0.034,0.016,0.006,0.003,0.002
522,594.783,366.980,122.325,61.161,30.579,14.677,7.337,3.667,1.832,0.731,0.364,0.181,0.071,0.034,0.016,0.006,0.003,0.002
523,595.531,367.441,122.479,61.238,30.618,14.695,7.346,3.672,1.835,0.732,0.365,0.181,0.071,0.034,0.016,0.006,0.003,0.002
524,596.279,367.903,122.633,61.315,30.656,14.714,7.356,3.677,1.837,0.733,0.365,0.181,0.071,0.034,0.016,0.006,0.003,0.002
525,597.027,368.365,122.787,61.392,30.695,14.732,7.365,3.681,1.839,0.734,0.366,0.182,0.071,0.034,0.016,0.006,0.003,0.002
526,597.775,368.826,122.940,61.469,30.733,14.751,7.374,3.686,1.842,0.735,0.366,0.182,0.071,0.034,0.016,0.006,0.003,0.002
527,598.523,369.288,123.094,61.546,30.772,14.769,7.383,3.690,1.844,0.736,0.367,0.182,0.071,0.034,0.016,0.006,0.004,0.002
528,599.271,369.749,123.248,61.623,30.810,14.788,7.393,3.695,1.846,0.737,0.367,0.182,0.071,0.034,0.016,0.006,0.004,0.002
529,600.019,370.211,123.402,61.700,30.849,14.806,7.402,3.700,1.849,0.738,0.368,0.183,0.072,0.034,0.016,0.006,0.004,0.002
530,600.767,370.672,123.556,61.777,30.887,14.825,7.411,3.704,1.851,0.739,0.368,0.183,0.072,0.035,0.016,0.006,0.004,0.002
531,601.515,371.134,123.710,61.854,30.926,14.843,7.420,3.709,1.853,0.740,0.369,0.183,0.072,0.035,0.016,0.007,0.004,0.002
532,602.263,371.595,123.863,61.931,30.964,14.862,7.430,3.714,1.856,0.741,0.369,0.183,0.072,0.035,0.016,0.007,0.004,0.002
533,603.011,372.057,124.017,62.007,31.003,14.880,7.439,3.718,1.858,0.742,0.370,0.184,0.072,0.035,0.016,0.007,0.004,0.002
534,603.759,372.518,124.171,62.084,31.041,14.898,7.448,3.723,1.860,0.743,0.370,0.184,0.072,0.035,0.016,0.007,0.004,0.002
535,604.507,372.980,124.325,62.161,31.079,14.917,7.457,3.727,1.863,0.744,0.371,0.184,0.072,0.035,0.016,0.007,0.004,0.002
536,605.255,373.441,124.479,62.238,31.118,14.935,7.467,3.732,1.865,0.745,0.371,0.184,0.072,0.035,0.016,0.007,0.004,0.002
537,606.003,373.903,124.633,62.315,31.156,14.954,7.476,3.737,1.867,0.745,0.372,0.185,0.072,0.035,0.016,0.007,0.004,0.002
538,606.751,374.364,124.787,62.392,31.195,14.972,7.485,3.741,1.869,0.746,0.372,0.185,0.072,0.035,0.016,0.007,0.004,0.002
539,607.499,374.826,124.940,62.469,31.233,14.991,7.494,3.746,1.872,0.747,0.372,0.185,0.073,0.035,0.016,0.007,0.004,0.002
540,608.247,375.288,125.094,62.546,31.272,15.009,7.503,3.751,1.874,0.748,0.373,0.185,0.073,0.035,0.016,0.007,0.004,0.002
541,608.995,375.749,125.248,62.623,31.310,15.028,7.513,3.755,1.876,0.749,0.373,0.186,0.073,0.035,0.016,0.007,0.004,0.002
542,609.743,376.211,125.402,62.700,31.349,15.046,7.522,3.760,1.879,0.750,0.374,0.186,0.073,0.035,0.016,0.007,0.004,0.002
543,610.491,376.672,125.556,62.777,31.387,15.065,7.531,3.764,1.881,0.751,0.374,0.186,0.073,0.035,0.016,0.007,0.004,0.002
544,611.239,377.134,125.710,62.854,31.426,15.083,7.540,3.769,1.883,0.752,0.375,0.186,0.073,0.035,0.016,0.007,0.004,0.002
545,611.987,377.595,125.864,62.931,31.464,15.102,7.550,3.774,1.886,0.753,0.375,0.186,0.073,0.035,0.016,0.007,0.004,0.002
546,612.735,378.057,126.017,63.008,31.503,15.120,7.559,3.778,1.888,0.754,0.376,0.187,0.073,0.035,0.016,0.007,0.004,0.002
547,613.483,378.518,126.171,63.084,31.541,15.139,7.568,3.783,1.890,0.755,0.376,0.187,0.073,0.035,0.016,0.007,0.004,0.002
548,614.231,378.980,126.325,63.161,31.580,15.157,7.577,3.788,1.893,0.756,0.377,0.187,0.073,0.036,0.017,0.007,0.004,0.002
549,614.979,379.441,126.479,63.238,31.618,15.175,7.587,3.792,1.895,0.757,0.377,0.187,0.074,0.036,0.017,0.007,0.004,0.002
550,615.727,379.903,126.633,63.315,31.657,15.194,7.596,3.797,1.897,0.758,0.378,0.188,0.074,0.036,0.017,0.007,0.004,0.002
551,616.475,380.364,126.787,63.392,31.695,15.212,7.605,3.801,1.900,0.758,0.378,0.188,0.074,0.036,0.017,0.007,0.004,0.002
552,617.223,380.826,126.941,63.469,31.733,15.231,7.614,3.806,1.902,0.759,0.379,0.188,0.074,0.036,0.017,0.007,0.004,0.002
553,617.971,381.287,127.094,63.546,31.772,15.249,7.624,3.811,1.904,0.760,0.379,0.188,0.074,0.036,0.017,0.007,0.004,0.002
554,618.719,381.749,127.248,63.623,31.810,15.268,7.633,3.815,1.907,0.761,0.380,0.189,0.074,0.036,0.017,0.007,0.004,0.002
555,619.467,382.211,127.402,63.700,31.849,15.286,7.642,3.820,1.909,0.762,0.380,0.189,0.074,0.036,0.017,0.007,0.004,0.002
556,620.215,382.672,127.556,63.777,31.887,15.305,7.651,3.825,1.911,0.763,0.380,0.189,0.074,0.036,0.017,0.007,0.004,0.002
557,620.963,383.134,127.710,63.854,31.926,15.323,7.661,3.829,1.913,0.764,0.381,0.189,0.074,0.036,0.017,0.007,0.004,0.002
558,621.711,383.595,127.864,63.931,31.964,15.342,7.670,3.834,1.916,0.765,0.381,0.190,0.075,0.036,0.017,0.007,0.004,0.002
559,622.460,384.057,128.017,64.008,32.003,15.360,7.679,3.838,1.918,0.766,0.382,0.190,0.075,0.036,0.017,0.007,0.004,0.002
560,623.208,384.518,128.171,64.085,32.041,15.379,7.688,3.843,1.920,0.767,0.382,0.190,0.075,0.036,0.017,0.007,0.004,0.002
561,623.956,384.980,128.325,64.162,32.080,15.397,7.697,3.848,1.923,0.768,0.383,0.190,0.075,0.036,0.017,0.007,0.004,0.002
562,624.704,385.441,128.479,64.238,32.118,15.416,7.707,3.852,1.925,0.769,0.383,0.191,0.075,0.036,0.017,0.007,0.004,0.002
563,625.452,385.903,128.633,64.315,32.157,15.434,7.716,3.857,1.927,0.770,0.384,0.191,0.075,0.036,0.017,0.007,0.004,0.002
564,626.200,386.364,128.787,64.392,32.195,15.453,7.725,3.862,1.930,0.771,0.384,0.191,0.075,0.036,0.017,0.007,0.004,0.002
565,626.948,386.826,128.941,64.469,32.234,15.471,7.734,3.866,1.932,0.772,0.385,0.191,0.075,0.036,0.017,0.007,0.004,0.002
566,627.696,387.287,129.094,64.546,32.272,15.489,7.744,3.871,1.934,0.772,0.385,0.192,0.075,0.037,0.017,0.007,0.004,0.002
567,628.444,387.749,129.248,64.623,32.310,15.508,7.753,3.875,1.937,0.773,0.386,0.192,0.075,0.037,0.017,0.007,0.004,0.002
568,629.192,388.210,129.402,64.700,32.349,15.526,7.762,3.880,1.939,0.774,0.386,0.192,0.076,0.037,0.017,0.007,0.004,0.002
569,629.940,388.672,129.556,64.777,32.387,15.545,7.771,3.885,1.941,0.775,0.387,0.192,0.076,0.037,0.017,0.007,0.004,0.002
570,630.688,389.134,129.710,64.854,32.426,15.563,7.781,3.889,1.944,0.776,0.387,0.192,0.076,0.037,0.017,0.007,0.004,0.002
571,631.436,389.595,129.864,64.931,32.464,15.582,7.790,3.894,1.946,0.777,0.388,0.193,0.076,0.037,0.017,0.007,0.004,0.002
572,632.184,390.057,130.018,65.008,32.503,15.600,7.799,3.899,1.948,0.778,0.388,0.193,0.076,0.037,0.017,0.007,0.004,0.002
573,632.932,390.518,130.171,65.085,32.541,15.619,7.808,3.903,1.951,0.779,0.388,0.193,0.076,0.037,0.017,0.008,0.004,0.002
574,633.680,390.980,130.325,65.162,32.580,15.637,7.818,3.908,1.953,0.780,0.389,0.193,0.076,0.037,0.017,0.008,0.004,0.002
575,634.428,391.441,130.479,65.239,32.618,15.656,7.827,3.912,1.955,0.781,0.389,0.194,0.076,0.037,0.017,0.008,0.004,0.002
576,635.176,391.903,130.633,65.315,32.657,15.674,7.836,3.917,1.957,0.782,0.390,0.194,0.076,0.037,0.017,0.008,0.004,0.002
577,635.924,392.364,130.787,65.392,32.695,15.693,7.845,3.922,1.960,0.783,0.390,0.194,0.076,0.037,0.017,0.008,0.004,0.002
578,636.672,392.826,130.941,65.469,32.734,15.711,7.855,3.926,1.962,0.784,0.391,0.194,0.077,0.037,0.017,0.008,0.004,0.002
579,637.420,393.287,131.094,65.546,32.772,15.730,7.864,3.931,1.964,0.785,0.391,0.195,0.077,0.037,0.018,0.008,0.004,0.002
580,638.168,393.749,131.248,65.623,32.811,15.748,7.873,3.936,1.967,0.785,0.392,0.195,0.077,0.037,0.018,0.008,0.004,0.002
581,638.916,394.210,131.402,65.700,32.849,15.766,7.882,3.940,1.969,0.786,0.392,0.195,0.077,0.037,0.018,0.008,0.005,0.003
582,639.664,394.672,131.556,65.777,32.888,15.785,7.891,3.945,1.971,0.787,0.393,0.195,0.077,0.037,0.018,0.008,0.005,0.003
583,640.412,395.134,131.710,65.854,32.926,15.803,7.901,3.949,1.974,0.788,0.393,0.196,0.077,0.037,0.018,0.008,0.005,0.003
584,641.160,395.595,131.864,65.931,32.964,15.822,7.910,3.954,1.976,0.789,0.394,0.196,0.077,0.038,0.018,0.008,0.005,0.003
585,641.908,396.057,132.018,66.008,33.003,15.840,7.919,3.959,1.978,0.790,0.394,0.196,0.077,0.038,0.018,0.008,0.005,0.003
586,642.656,396.518,132.171,66.085,33.041,15.859,7.928,3.963,1.981,0.791,0.395,0.196,0.077,0.038,0.018,0.008,0.005,0.003
587,643.404,396.980,132.325,66.162,33.080,15.877,7.938,3.968,1.983,0.792,0.395,0.197,0.077,0.038,0.018,0.008,0.005,0.003
588,644.152,397.441,132.479,66.239,33.118,15.896,7.947,3.972,1.985,0.793,0.395,0.197,0.078,0.038,0.018,0.008,0.005,0.003
589,644.900,397.903,132.633,66.315,33.157,15.914,7.956,3.977,1.988,0.794,0.396,0.197,0.078,0.038,0.018,0.008,0.005,0.003
590,645.648,398.364,132.787,66.392,33.195,15.933,7.965,3.982,1.990,0.795,0.396,0.197,0.078,0.038,0.018,0.008,0.005,0.003
591,646.396,398.826,132.941,66.469,33.234,15.951,7.975,3.986,1.992,0.796,0.397,0.197,0.078,0.038,0.018,0.008,0.005,0.003
592,647.144,399.287,133.094,66.546,33.272,15.970,7.984,3.991,1.995,0.797,0.397,0.198,0.078,0.038,0.018,0.008,0.005,0.003
593,647.892,399.749,133.248,66.623,33.311,15.988,7.993,3.996,1.997,0.798,0.398,0.198,0.078,0.038,0.018,0.008,0.005,0.003
594,648.640,400.210,133.402,66.700,33.349,16.007,8.002,4.000,1.999,0.799,0.398,0.198,0.078,0.038,0.018,0.008,0.005,0.003
595,649.388,400.672,133.556,66.777,33.388,16.025,8.012,4.005,2.001,0.799,0.399,0.198,0.078,0.038,0.018,0.008,0.005,0.003
596,650.136,401.133,133.710,66.854,33.426,16.044,8.021,4.009,2.004,0.800,0.399,0.199,0.078,0.038,0.018,0.008,0.005,0.003
597,650.884,401.595,133.864,66.931,33.465,16.062,8.030,4.014,2.006,0.801,0.400,0.199,0.078,0.038,0.018,0.008,0.005,0.003
598,651.632,402.056,134.018,67.008,33.503,16.080,8.039,4.019,2.008,0.802,0.400,0.199,0.079,0.038,0.018,0.008,0.005,0.003
599,652.380,402.518,134.171,67.085,33.541,16.099,8.049,4.023,2.011,0.803,0.401,0.199,0.079,0.038,0.018,0.008,0.005,0.003
600,653.128,402.980,134.325,67.162,33.580,16.117,8.058,4.028,2.013,0.804,0.401,0.200,0.079,0.038,0.018,0.008,0.005,0.003
601,653.877,403.441,134.479,67.239,33.618,16.136,8.067,4.033,2.015,0.805,0.402,0.200,0.079,0.038,0.018,0.008,0.005,0.003
602,654.625,403.903,134.633,67.316,33.657,16.154,8.076,4.037,2.018,0.806,0.402,0.200,0.079,0.038,0.018,0.008,0.005,0.003
603,655.373,404.364,134.787,67.392,33.695,16.173,8.085,4.042,2.020,0.807,0.403,0.200,0.079,0.039,0.018,0.008,0.005,0.003
604,656.121,404.826,134.941,67.469,33.734,16.191,8.095,4.046,2.022,0.808,0.403,0.201,0.079,0.039,0.018,0.008,0.005,0.003
605,656.869,405.287,135.095,67.546,33.772,16.210,8.104,4.051,2.025,0.809,0.403,0.201,0.079,0.039,0.018,0.008,0.005,0.003
606,657.617,405.749,135.248,67.623,33.811,16.228,8.113,4.056,2.027,0.810,0.404,0.201,0.079,0.039,0.018,0.008,0.005,0.003
607,658.365,406.210,135.402,67.700,33.849,16.247,8.122,4.060,2.029,0.811,0.404,0.201,0.079,0.039,0.018,0.008,0.005,0.003
608,659.113,406.672,135.556,67.777,33.888,16.265,8.132,4.065,2.032,0.812,0.405,0.202,0.079,0.039,0.018,0.008,0.005,0.003
609,659.861,407.133,135.710,67.854,33.926,16.284,8.141,4.070,2.034,0.812,0.405,0.202,0.080,0.039,0.018,0.008,0.005,0.003
610,660.609,407.595,135.864,67.931,33.965,16.302,8.150,4.074,2.036,0.813,0.406,0.202,0.080,0.039,0.018,0.008,0.005,0.003
611,661.357,408.056,136.018,68.008,34.003,16.321,8.159,4.079,2.038,0.814,0.406,0.202,0.080,0.039,0.019,0.008,0.005,0.003
612,662.105,408.518,136.171,68.085,34.042,16.339,8.169,4.083,2.041,0.815,0.407,0.202,0.080,0.039,0.019,0.008,0.005,0.003
613,662.853,408.979,136.325,68.162,34.080,16.357,8.178,4.088,2.043,0.816,0.407,0.203,0.080,0.039,0.019,0.008,0.005,0.003
614,663.601,409.441,136.479,68.239,34.118,16.376,8.187,4.093,2.045,0.817,0.408,0.203,0.080,0.039,0.019,0.008,0.005,0.003
615,664.349,409.903,136.633,68.316,34.157,16.394,8.196,4.097,2.048,0.818,0.408,0.203,0.080,0.039,0.019,0.008,0.005,0.003
616,665.097,410.364,136.787,68.393,34.195,16.413,8.206,4.102,2.050,0.819,0.409,0.203,0.080,0.039,0.019,0.008,0.005,0.003
617,665.845,410.826,136.941,68.469,34.234,16.431,8.215,4.107,2.052,0.820,0.409,0.204,0.080,0.039,0.019,0.008,0.005,0.003
618,666.593,411.287,137.095,68.546,34.272,16.450,8.224,4.111,2.055,0.821,0.410,0.204,0.080,0.039,0.019,0.008,0.005,0.003
619,667.341,411.749,137.248,68.623,34.311,16.468,8.233,4.116,2.057,0.822,0.410,0.204,0.081,0.039,0.019,0.008,0.005,0.003
620,668.089,412.210,137.402,68.700,34.349,16.487,8.243,4.120,2.059,0.823,0.410,0.204,0.081,0.039,0.019,0.008,0.005,0.003
621,668.837,412.672,137.556,68.777,34.388,16.505,8.252,4.125,2.062,0.824,0.411,0.205,0.081,0.039,0.019,0.009,0.005,0.003
622,669.585,413.133,137.710,68.854,34.426,16.524,8.261,4.130,2.064,0.825,0.411,0.205,0.081,0.040,0.019,0.009,0.005,0.003
623,670.333,413.595,137.864,68.931,34.465,16.542,8.270,4.134,2.066,0.825,0.412,0.205,0.081,0.040,0.019,0.009,0.005,0.003
624,671.081,414.056,138.018,69.008,34.503,16.561,8.279,4.139,2.069,0.826,0.412,0.205,0.081,0.040,0.019,0.009,0.005,0.003
625,671.829,414.518,138.171,69.085,34.542,16.579,8.289,4.143,2.071,0.827,0.413,0.206,0.081,0.040,0.019,0.009,0.005,0.003
626,672.577,414.979,138.325,69.162,34.580,16.598,8.298,4.148,2.073,0.828,0.413,0.206,0.081,0.040,0.019,0.009,0.005,0.003
627,673.325,415.441,138.479,69.239,34.619,16.616,8.307,4.153,2.076,0.829,0.414,0.206,0.081,0.040,0.019,0.009,0.005,0.003
628,674.073,415.902,138.633,69.316,34.657,16.634,8.316,4.157,2.078,0.830,0.414,0.206,0.081,0.040,0.019,0.009,0.005,0.003
629,674.821,416.364,138.787,69.393,34.695,16.653,8.326,4.162,2.080,0.831,0.415,0.206,0.082,0.040,0.019,0.009,0.005,0.003
630,675.569,416.826,138.941,69.470,34.734,16.671,8.335,4.167,2.082,0.832,0.415,0.207,0.082,0.040,0.019,0.009,0.005,0.003
631,676.317,417.287,139.095,69.546,34.772,16.690,8.344,4.171,2.085,0.833,0.416,0.207,0.082,0.040,0.019,0.009,0.005,0.003
632,677.065,417.749,139.248,69.623,34.811,16.708,8.353,4.176,2.087,0.834,0.416,0.207,0.082,0.040,0.019,0.009,0.005,0.003
633,677.813,418.210,139.402,69.700,34.849,16.727,8.363,4.180,2.089,0.835,0.417,0.207,0.082,0.040,0.019,0.009,0.005,0.003
634,678.561,418.672,139.556,69.777,34.888,16.745,8.372,4.185,2.092,0.836,0.417,0.208,0.082,0.040,0.019,0.009,0.005,0.003
635,679.309,419.133,139.710,69.854,34.926,16.764,8.381,4.190,2.094,0.837,0.417,0.208,0.082,0.040,0.019,0.009,0.005,0.003
636,680.057,419.595,139.864,69.931,34.965,16.782,8.390,4.194,2.096,0.838,0.418,0.208,0.082,0.040,0.019,0.009,0.005,0.003
637,680.805,420.056,140.018,70.008,35.003,16.801,8.400,4.199,2.099,0.838,0.418,0.208,0.082,0.040,0.019,0.009,0.005,0.003
638,681.553,420.518,140.172,70.085,35.042,16.819,8.409,4.204,2.101,0.839,0.419,0.209,0.082,0.040,0.019,0.009,0.005,0.003
639,682.301,420.979,140.325,70.162,35.080,16.838,8.418,4.208,2.103,0.840,0.419,0.209,0.083,0.040,0.019,0.009,0.005,0.003
640,683.049,421.441,140.479,70.239,35.119,16.856,8.427,4.213,2.106,0.841,0.420,0.209,0.083,0.040,0.019,0.009,0.005,0.003
641,683.797,421.902,140.633,70.316,35.157,16.875,8.436,4.217,2.108,0.842,0.420,0.209,0.083,0.041,0.019,0.009,0.005,0.003
642,684.545,422.364,140.787,70.393,35.196,16.893,8.446,4.222,2.110,0.843,0.421,0.210,0.083,0.041,0.019,0.009,0.005,0.003
643,685.293,422.825,140.941,70.470,35.234,16.911,8.455,4.227,2.113,0.844,0.421,0.210,0.083,0.041,0.019,0.009,0.005,0.003
644,686.041,423.287,141.095,70.547,35.272,16.930,8.464,4.231,2.115,0.845,0.422,0.210,0.083,0.041,0.020,0.009,0.006,0.003
645,686.789,423.749,141.248,70.623,35.311,16.948,8.473,4.236,2.117,0.846,0.422,0.210,0.083,0.041,0.020,0.009,0.006,0.003
646,687.538,424.210,141.402,70.700,35.349,16.967,8.483,4.241,2.119,0.847,0.423,0.211,0.083,0.041,0.020,0.009,0.006,0.003
647,688.286,424.672,141.556,70.777,35.388,16.985,8.492,4.245,2.122,0.848,0.423,0.211,0.083,0.041,0.020,0.009,0.006,0.003
648,689.034,425.133,141.710,70.854,35.426,17.004,8.501,4.250,2.124,0.849,0.424,0.211,0.083,0.041,0.020,0.009,0.006,0.003
649,689.782,425.595,141.864,70.931,35.465,17.022,8.510,4.254,2.126,0.850,0.424,0.211,0.084,0.041,0.020,0.009,0.006,0.003
650,690.530,426.056,142.018,71.008,35.503,17.041,8.520,4.259,2.129,0.851,0.424,0.211,0.084,0.041,0.020,0.009,0.006,0.003
651,691.278,426.518,142.172,71.085,35.542,17.059,8.529,4.264,2.131,0.851,0.425,0.212,0.084,0.041,0.020,0.009,0.006,0.003
652,692.026,426.979,142.325,71.162,35.580,17.078,8.538,4.268,2.133,0.852,0.425,0.212,0.084,0.041,0.020,0.009,0.006,0.003
653,692.774,427.441,142.479,71.239,35.619,17.096,8.547,4.273,2.136,0.853,0.426,0.212,0.084,0.041,0.020,0.009,0.006,0.003
654,693.522,427.902,142.633,71.316,35.657,17.115,8.557,4.278,2.138,0.854,0.426,0.212,0.084,0.041,0.020,0.009,0.006,0.003
655,694.270,428.364,142.787,71.393,35.696,17.133,8.566,4.282,2.140,0.855,0.427,0.213,0.084,0.041,0.020,0.009,0.006,0.003
656,695.018,428.825,142.941,71.470,35.734,17.152,8.575,4.287,2.143,0.856,0.427,0.213,0.084,0.041,0.020,0.009,0.006,0.003
657,695.766,429.287,143.095,71.547,35.773,17.170,8.584,4.291,2.145,0.857,0.428,0.213,0.084,0.041,0.020,0.009,0.006,0.003
658,696.514,429.748,143.248,71.623,35.811,17.188,8.593,4.296,2.147,0.858,0.428,0.213,0.084,0.041,0.020,0.009,0.006,0.003
659,697.262,430.210,143.402,71.700,35.849,17.207,8.603,4.301,2.150,0.859,0.429,0.214,0.085,0.041,0.020,0.009,0.006,0.003
660,698.010,430.671,143.556,71.777,35.888,17.225,8.612,4.305,2.152,0.860,0.429,0.214,0.085,0.042,0.020,0.009,0.006,0.003
661,698.758,431.133,143.710,71.854,35.926,17.244,8.621,4.310,2.154,0.861,0.430,0.214,0.085,0.042,0.020,0.009,0.006,0.003
662,699.506,431.595,143.864,71.931,35.965,17.262,8.630,4.314,2.156,0.862,0.430,0.214,0.085,0.042,0.020,0.009,0.006,0.003
663,700.254,432.056,144.018,72.008,36.003,17.281,8.640,4.319,2.159,0.863,0.431,0.215,0.085,0.042,0.020,0.009,0.006,0.003
664,701.002,432.518,144.172,72.085,36.042,17.299,8.649,4.324,2.161,0.864,0.431,0.215,0.085,0.042,0.020,0.009,0.006,0.003
665,701.750,432.979,144.325,72.162,36.080,17.318,8.658,4.328,2.163,0.864,0.432,0.215,0.085,0.042,0.020,0.009,0.006,0.003
666,702.498,433.441,144.479,72.239,36.119,17.336,8.667,4.333,2.166,0.865,0.432,0.215,0.085,0.042,0.020,0.009,0.006,0.003
667,703.246,433.902,144.633,72.316,36.157,17.355,8.677,4.338,2.168,0.866,0.432,0.215,0.085,0.042,0.020,0.009,0.006,0.003
668,703.994,434.364,144.787,72.393,36.196,17.373,8.686,4.342,2.170,0.867,0.433,0.216,0.085,0.042,0.020,0.009,0.006,0.003
669,704.742,434.825,144.941,72.470,36.234,17.392,8.695,4.347,2.173,0.868,0.433,0.216,0.085,0.042,0.020,0.009,0.006,0.003
670,705.490,435.287,145.095,72.547,36.273,17.410,8.704,4.351,2.175,0.869,0.434,0.216,0.086,0.042,0.020,0.009,0.006,0.003
671,706.238,435.748,145.248,72.624,36.311,17.429,8.714,4.356,2.177,0.870,0.434,0.216,0.086,0.042,0.020,0.009,0.006,0.003
672,706.986,436.210,145.402,72.700,36.350,17.447,8.723,4.361,2.180,0.871,0.435,0.217,0.086,0.042,0.020,0.009,0.006,0.003
673,707.734,436.671,145.556,72.777,36.388,17.465,8.732,4.365,2.182,0.872,0.435,0.217,0.086,0.042,0.020,0.009,0.006,0.003
674,708.482,437.133,145.710,72.854,36.426,17.484,8.741,4.370,2.184,0.873,0.436,0.217,0.086,0.042,0.020,0.009,0.006,0.003
675,709.230,437.594,145.864,72.931,36.465,17.502,8.750,4.375,2.187,0.874,0.436,0.217,0.086,0.042,0.020,0.010,0.006,0.003
676,709.978,438.056,146.018,73.008,36.503,17.521,8.760,4.379,2.189,0.875,0.437,0.218,0.086,0.042,0.020,0.010,0.006,0.003
677,710.726,438.518,146.172,73.085,36.542,17.539,8.769,4.384,2.191,0.876,0.437,0.218,0.086,0.042,0.020,0.010,0.006,0.003
678,711.474,438.979,146.325,73.162,36.580,17.558,8.778,4.388,2.193,0.877,0.438,0.218,0.086,0.042,0.021,0.010,0.006,0.003
679,712.222,439.441,146.479,73.239,36.619,17.576,8.787,4.393,2.196,0.877,0.438,0.218,0.086,0.043,0.021,0.010,0.006,0.003
680,712.970,439.902,146.633,73.316,36.657,17.595,8.797,4.398,2.198,0.878,0.439,0.219,0.087,0.043,0.021,0.010,0.006,0.003
681,713.718,440.364,146.787,73.393,36.696,17.613,8.806,4.402,2.200,0.879,0.439,0.219,0.087,0.043,0.021,0.010,0.006,0.003
682,714.466,440.825,146.941,73.470,36.734,17.632,8.815,4.407,2.203,0.880,0.439,0.219,0.087,0.043,0.021,0.010,0.006,0.003
683,715.214,441.287,147.095,73.547,36.773,17.650,8.824,4.411,2.205,0.881,0.440,0.219,0.087,0.043,0.021,0.010,0.006,0.003
684,715.962,441.748,147.248,73.624,36.811,17.669,8.834,4.416,2.207,0.882,0.440,0.219,0.087,0.043,0.021,0.010,0.006,0.003
685,716.710,442.210,147.402,73.700,36.850,17.687,8.843,4.421,2.210,0.883,0.441,0.220,0.087,0.043,0.021,0.010,0.006,0.003
686,717.458,442.671,147.556,73.777,36.888,17.706,8.852,4.425,2.212,0.884,0.441,0.220,0.087,0.043,0.021,0.010,0.006,0.003
687,718.206,443.133,147.710,73.854,36.926,17.724,8.861,4.430,2.214,0.885,0.442,0.220,0.087,0.043,0.021,0.010,0.006,0.003
688,718.954,443.594,147.864,73.931,36.965,17.742,8.871,4.435,2.217,0.886,0.442,0.220,0.087,0.043,0.021,0.010,0.006,0.003
689,719.702,444.056,148.018,74.008,37.003,17.761,8.880,4.439,2.219,0.887,0.443,0.221,0.087,0.043,0.021,0.010,0.006,0.003
690,720.450,444.517,148.172,74.085,37.042,17.779,8.889,4.444,2.221,0.888,0.443,0.221,0.088,0.043,0.021,0.010,0.006,0.003
691,721.198,444.979,148.325,74.162,37.080,17.798,8.898,4.448,2.224,0.889,0.444,0.221,0.088,0.043,0.021,0.010,0.006,0.003
692,721.947,445.440,148.479,74.239,37.119,17.816,8.907,4.453,2.226,0.890,0.444,0.221,0.088,0.043,0.021,0.010,0.006,0.003
693,722.695,445.902,148.633,74.316,37.157,17.835,8.917,4.458,2.228,0.890,0.445,0.222,0.088,0.043,0.021,0.010,0.006,0.003
694,723.443,446.364,148.787,74.393,37.196,17.853,8.926,4.462,2.230,0.891,0.445,0.222,0.088,0.043,0.021,0.010,0.006,0.003
695,724.191,446.825,148.941,74.470,37.234,17.872,8.935,4.467,2.233,0.892,0.445,0.222,0.088,0.043,0.021,0.010,0.006,0.004
696,724.939,447.287,149.095,74.547,37.273,17.890,8.944,4.472,2.235,0.893,0.446,0.222,0.088,0.043,0.021,0.010,0.006,0.004
697,725.687,447.748,149.248,74.624,37.311,17.909,8.954,4.476,2.237,0.894,0.446,0.223,0.088,0.043,0.021,0.010,0.006,0.004
698,726.435,448.210,149.402,74.701,37.350,17.927,8.963,4.481,2.240,0.895,0.447,0.223,0.088,0.043,0.021,0.010,0.006,0.004
699,727.183,448.671,149.556,74.777,37.388,17.946,8.972,4.485,2.242,0.896,0.447,0.223,0.088,0.044,0.021,0.010,0.006,0.004
700,727.931,449.133,149.710,74.854,37.427,17.964,8.981,4.490,2.244,0.897,0.448,0.223,0.089,0.044,0.021,0.010,0.006,0.004
